view	feature_id	Factor1	Factor2	Factor3	Factor4	Factor5	source_dataset	upstream_baseline	analysis_method
rna	X40-augustus_masked-3-ALIPLA_SA	0.6704013920971668	0.0049929280862338185	-0.0016899814462015648	0.18854328652450966	-0.12565947770910818	PXD044523_Zenodo_author_processed_RNA_protein	micro_pilot_processing_20260730:v1.0.0	MOFA2_unsupervised_gaussian_two_view
rna	X42-augustus_masked-3-ALIPLA_SA	0.6082078587995544	-0.06977773572887556	0.1628447657204766	-0.24921103902708427	0.01127621331629194	PXD044523_Zenodo_author_processed_RNA_protein	micro_pilot_processing_20260730:v1.0.0	MOFA2_unsupervised_gaussian_two_view
rna	X39-augustus_masked-2-CGIPLA_MA	0.6152575104517406	0.0001702004275433035	0.00015483030324086794	0.32513318331030855	-0.22661622555721234	PXD044523_Zenodo_author_processed_RNA_protein	micro_pilot_processing_20260730:v1.0.0	MOFA2_unsupervised_gaussian_two_view
rna	X38-augustus_masked-2-CGIPLA_MA	0.619589248525464	-0.0007131037051054265	0.022024582310530404	0.27070100153009435	-0.21488651256816774	PXD044523_Zenodo_author_processed_RNA_protein	micro_pilot_processing_20260730:v1.0.0	MOFA2_unsupervised_gaussian_two_view
rna	X41-augustus_masked-3-ALIPLA_SA	0.6030034567207918	0.010425834364244569	-0.0007135901611613611	0.16837284639317857	-0.10179893668584677	PXD044523_Zenodo_author_processed_RNA_protein	micro_pilot_processing_20260730:v1.0.0	MOFA2_unsupervised_gaussian_two_view
rna	X43-snap_masked-3-ALIPLA_SA	0.5603036013864271	-0.0696907918005287	0.15345035891187248	-0.23755319113273168	0.01152325672839431	PXD044523_Zenodo_author_processed_RNA_protein	micro_pilot_processing_20260730:v1.0.0	MOFA2_unsupervised_gaussian_two_view
rna	X1704-snap_masked-CPD_4-13463	-0.10980443841996666	-0.009767943879193136	-0.09805109018902106	0.21461129288947176	-0.08823208667013879	PXD044523_Zenodo_author_processed_RNA_protein	micro_pilot_processing_20260730:v1.0.0	MOFA2_unsupervised_gaussian_two_view
rna	X37-augustus_masked-2-CGIPLA_MA	0.5482737555838713	-0.0004335885725426291	-0.000796219387236696	0.33276457989717473	-0.23057674683082183	PXD044523_Zenodo_author_processed_RNA_protein	micro_pilot_processing_20260730:v1.0.0	MOFA2_unsupervised_gaussian_two_view
rna	X876-augustus_masked-YCC-11519	-0.34189379954985744	-0.09904157579678259	-0.0055464938874758675	0.166735752067258	-0.058422499342578156	PXD044523_Zenodo_author_processed_RNA_protein	micro_pilot_processing_20260730:v1.0.0	MOFA2_unsupervised_gaussian_two_view
rna	YOR382W	0.07548547408342676	0.09070213881710042	-0.002521368948966936	-0.1865416283630944	-0.028146945949050973	PXD044523_Zenodo_author_processed_RNA_protein	micro_pilot_processing_20260730:v1.0.0	MOFA2_unsupervised_gaussian_two_view
rna	YHR054W-A	0.2470924716255352	0.0004926437516491579	0.1006482911238643	-0.19435914964286552	0.17142898533104559	PXD044523_Zenodo_author_processed_RNA_protein	micro_pilot_processing_20260730:v1.0.0	MOFA2_unsupervised_gaussian_two_view
rna	YOR383C	0.10477977109936737	0.10915081552012124	0.00015621072317738288	-0.20377661727497207	-0.015914608693976488	PXD044523_Zenodo_author_processed_RNA_protein	micro_pilot_processing_20260730:v1.0.0	MOFA2_unsupervised_gaussian_two_view
rna	X875-augustus_masked-YCC-11519	-0.2992901615003038	-0.08890828987561393	-0.0037387132983104426	0.15321261420692664	-0.012587506912875591	PXD044523_Zenodo_author_processed_RNA_protein	micro_pilot_processing_20260730:v1.0.0	MOFA2_unsupervised_gaussian_two_view
rna	X36-augustus_masked-2-CGIPLA_MA	0.5136019690223937	-0.020337849969906337	0.019816733341190766	0.22597264920396024	-0.18495674800284256	PXD044523_Zenodo_author_processed_RNA_protein	micro_pilot_processing_20260730:v1.0.0	MOFA2_unsupervised_gaussian_two_view
rna	X13-EC1118_1N26_0012g	0.15033834830621318	-0.00024938854160605256	0.0051104835326638036	0.4070985718652606	0.5176728811050842	PXD044523_Zenodo_author_processed_RNA_protein	micro_pilot_processing_20260730:v1.0.0	MOFA2_unsupervised_gaussian_two_view
rna	X1446-maker-CDM_4-7429	0.303829143306944	0.008974723828740164	0.1254387981918668	-0.07280194390664578	0.0573944788935944	PXD044523_Zenodo_author_processed_RNA_protein	micro_pilot_processing_20260730:v1.0.0	MOFA2_unsupervised_gaussian_two_view
rna	X47-RTM1-R-14851-	-0.11492516905458623	0.007118343078907793	-0.274754390135252	0.42111675344217303	-0.2551993417307416	PXD044523_Zenodo_author_processed_RNA_protein	micro_pilot_processing_20260730:v1.0.0	MOFA2_unsupervised_gaussian_two_view
rna	YIR042C	-0.2793468660603005	-0.010519763534302435	-0.1026729442894781	0.1958709620552385	-0.06555314837265758	PXD044523_Zenodo_author_processed_RNA_protein	micro_pilot_processing_20260730:v1.0.0	MOFA2_unsupervised_gaussian_two_view
rna	X15-EC1118_1N26_0034g	0.14888054083193672	-0.02064153806174149	0.04931322549969685	0.36059362935059797	0.523290276448125	PXD044523_Zenodo_author_processed_RNA_protein	micro_pilot_processing_20260730:v1.0.0	MOFA2_unsupervised_gaussian_two_view
rna	X144-augustus_masked-182-ABQ_6	0.0011190068488296497	-0.05688593649172439	0.00573552700014381	0.007458493367990804	-0.12125251374142855	PXD044523_Zenodo_author_processed_RNA_protein	micro_pilot_processing_20260730:v1.0.0	MOFA2_unsupervised_gaussian_two_view
rna	X14-EC1118_1N26_0023g	0.14746200866429396	2.4559058357664638e-05	-4.370965635402069e-05	0.4056243908329628	0.48566054416498006	PXD044523_Zenodo_author_processed_RNA_protein	micro_pilot_processing_20260730:v1.0.0	MOFA2_unsupervised_gaussian_two_view
rna	X17-EC1118_1N26_0056g	0.15061283392694758	4.123292379638264e-06	-0.00010832280650901872	0.3897475042650156	0.49416723405103047	PXD044523_Zenodo_author_processed_RNA_protein	micro_pilot_processing_20260730:v1.0.0	MOFA2_unsupervised_gaussian_two_view
rna	YAR070C	-0.22881115969462054	-0.07717500907094571	-0.03611489655884315	0.08787522427046797	-0.037699538618147004	PXD044523_Zenodo_author_processed_RNA_protein	micro_pilot_processing_20260730:v1.0.0	MOFA2_unsupervised_gaussian_two_view
rna	X20-EC1118_1O4_6502g_NumOfGenes_2	0.1854335890236827	-0.0029217432454242847	-0.01360290885093235	-0.006070144414158565	0.04001436561070363	PXD044523_Zenodo_author_processed_RNA_protein	micro_pilot_processing_20260730:v1.0.0	MOFA2_unsupervised_gaussian_two_view
rna	YPL187W	-0.0021867607522940953	-0.040043615789168166	0.001244210303499082	0.033985386761379105	-0.13348598877423604	PXD044523_Zenodo_author_processed_RNA_protein	micro_pilot_processing_20260730:v1.0.0	MOFA2_unsupervised_gaussian_two_view
rna	X252-augustus_masked-516-ADN_4	-0.2830968383385107	0.08360627352084524	-0.002456550988171149	0.1359111378147681	-0.1629864445095986	PXD044523_Zenodo_author_processed_RNA_protein	micro_pilot_processing_20260730:v1.0.0	MOFA2_unsupervised_gaussian_two_view
rna	YNR074C	0.17351275968123972	0.12131607788064257	0.1636920590470818	-0.11424393360811375	-0.010878772559319001	PXD044523_Zenodo_author_processed_RNA_protein	micro_pilot_processing_20260730:v1.0.0	MOFA2_unsupervised_gaussian_two_view
rna	X23-EC1118_1O4_6546g	0.13873059405344274	-0.0008023181925762231	-0.07001649597536423	-0.0005135339093521859	0.003717860609656342	PXD044523_Zenodo_author_processed_RNA_protein	micro_pilot_processing_20260730:v1.0.0	MOFA2_unsupervised_gaussian_two_view
rna	X1532-maker-CCR_1-6225	-0.10493425592361519	0.007501285710335911	-0.03969763192368383	0.1392683419710685	-0.1123124346164692	PXD044523_Zenodo_author_processed_RNA_protein	micro_pilot_processing_20260730:v1.0.0	MOFA2_unsupervised_gaussian_two_view
rna	YIL082W	-0.1935092851061704	0.06383902679465124	0.0016372976859916504	0.247459373026433	-0.17000083886256	PXD044523_Zenodo_author_processed_RNA_protein	micro_pilot_processing_20260730:v1.0.0	MOFA2_unsupervised_gaussian_two_view
rna	YIR019C	-0.059839306531045196	-0.12077720090520458	0.003443885783317751	0.0008157412972983898	0.06114212478699756	PXD044523_Zenodo_author_processed_RNA_protein	micro_pilot_processing_20260730:v1.0.0	MOFA2_unsupervised_gaussian_two_view
rna	X16-EC1118_1N26_0045g	0.14058459981780413	-0.028644448103953203	0.06632680473508482	0.26653575972873267	0.4704504046996086	PXD044523_Zenodo_author_processed_RNA_protein	micro_pilot_processing_20260730:v1.0.0	MOFA2_unsupervised_gaussian_two_view
rna	X649-snap_masked-5079-CKG_4	-0.14087966273883826	0.011441275500270688	-0.04436704139301793	0.12663310533669758	-0.1041749736894055	PXD044523_Zenodo_author_processed_RNA_protein	micro_pilot_processing_20260730:v1.0.0	MOFA2_unsupervised_gaussian_two_view
rna	X932-augustus_masked-BAP_7-7168	-0.24494191724423692	-0.005363187846868171	-0.006851400501068116	0.0001520711492252757	-0.0437492296286377	PXD044523_Zenodo_author_processed_RNA_protein	micro_pilot_processing_20260730:v1.0.0	MOFA2_unsupervised_gaussian_two_view
rna	YOL155W-A	-0.13848101066555063	0.005001455827063636	-0.07319893850594994	0.07092444327543658	-0.1210120851931915	PXD044523_Zenodo_author_processed_RNA_protein	micro_pilot_processing_20260730:v1.0.0	MOFA2_unsupervised_gaussian_two_view
rna	YGR234W	0.1421258143610571	-0.08683631422257324	-0.0026527062563879676	-0.11572668566675183	0.01817142075686232	PXD044523_Zenodo_author_processed_RNA_protein	micro_pilot_processing_20260730:v1.0.0	MOFA2_unsupervised_gaussian_two_view
rna	X26-EC1118_1O4_6579g	0.11605820634330465	-0.009828793875724037	-0.058941365940741876	0.000927956412757554	0.0026136030426581803	PXD044523_Zenodo_author_processed_RNA_protein	micro_pilot_processing_20260730:v1.0.0	MOFA2_unsupervised_gaussian_two_view
rna	YBR299W	-0.11625165633764623	-0.00522826975366953	-0.21748821393223827	0.2800315388160426	-0.025553407699398487	PXD044523_Zenodo_author_processed_RNA_protein	micro_pilot_processing_20260730:v1.0.0	MOFA2_unsupervised_gaussian_two_view
rna	X1033-augustus_masked-BCH_5-11150	-0.038833493053978166	-0.08953167359487839	0.05099886197225215	0.0002672408544187826	0.12215172956603086	PXD044523_Zenodo_author_processed_RNA_protein	micro_pilot_processing_20260730:v1.0.0	MOFA2_unsupervised_gaussian_two_view
rna	X28-EC1118_1O4_6623g	0.11456986926009516	-0.010941198490571298	-0.05073312491395578	-0.00029916805506927444	0.0025707643884919145	PXD044523_Zenodo_author_processed_RNA_protein	micro_pilot_processing_20260730:v1.0.0	MOFA2_unsupervised_gaussian_two_view
rna	YNR075C-A	0.20394494907375793	0.07265739766464811	0.10409214486279984	-0.12022343463904074	0.012228976418217586	PXD044523_Zenodo_author_processed_RNA_protein	micro_pilot_processing_20260730:v1.0.0	MOFA2_unsupervised_gaussian_two_view
rna	YGR292W	-0.14162402327561394	-0.004258006340203669	-0.21366278087471222	0.2829558896060438	-0.046296082219491795	PXD044523_Zenodo_author_processed_RNA_protein	micro_pilot_processing_20260730:v1.0.0	MOFA2_unsupervised_gaussian_two_view
rna	YOL159C-A	-0.17565546807163582	0.014132814458339787	-0.002999970771125687	0.15732059547482988	-0.10251769098474064	PXD044523_Zenodo_author_processed_RNA_protein	micro_pilot_processing_20260730:v1.0.0	MOFA2_unsupervised_gaussian_two_view
rna	YNL145W	-0.004019109458230767	-0.1005024118031255	0.0007286540585879355	0.009180987904306742	-0.06596831309339028	PXD044523_Zenodo_author_processed_RNA_protein	micro_pilot_processing_20260730:v1.0.0	MOFA2_unsupervised_gaussian_two_view
rna	X172-augustus_masked-253-BFM_3	-0.11215559690443608	0.0022377833289741085	-0.19158358964138786	0.33482274711705506	-0.20330915078148115	PXD044523_Zenodo_author_processed_RNA_protein	micro_pilot_processing_20260730:v1.0.0	MOFA2_unsupervised_gaussian_two_view
rna	YHR214W-A	0.19348725662100058	-0.002197484022660244	0.0053681610628616315	-0.013508938657921814	0.1221738963835987	PXD044523_Zenodo_author_processed_RNA_protein	micro_pilot_processing_20260730:v1.0.0	MOFA2_unsupervised_gaussian_two_view
rna	YAR068W	0.18496820027478303	-0.003338683797796834	0.0008460059795949445	-0.04795518055039374	0.0996077267939206	PXD044523_Zenodo_author_processed_RNA_protein	micro_pilot_processing_20260730:v1.0.0	MOFA2_unsupervised_gaussian_two_view
rna	YNR075W	0.15794171418085673	0.13688970555885552	0.09726350114898034	-0.031214719528226405	-0.05309057217458308	PXD044523_Zenodo_author_processed_RNA_protein	micro_pilot_processing_20260730:v1.0.0	MOFA2_unsupervised_gaussian_two_view
rna	X1032-augustus_masked-BCH_5-11150	-0.12544955570052713	-0.10110418676988031	0.0025492318208838807	0.06940219339611974	0.08296424335468422	PXD044523_Zenodo_author_processed_RNA_protein	micro_pilot_processing_20260730:v1.0.0	MOFA2_unsupervised_gaussian_two_view
rna	X209-augustus_masked-310-ALB_3	-0.18651543754696787	-0.01123896171455135	-0.08360394458620121	-0.0005267692832784332	-0.08772259138615866	PXD044523_Zenodo_author_processed_RNA_protein	micro_pilot_processing_20260730:v1.0.0	MOFA2_unsupervised_gaussian_two_view
rna	X77-augustus_masked-11963-BDM_5	-0.11110200798841	0.002263041515113961	0.009951964508069393	0.13828781106952012	-0.051574082115002494	PXD044523_Zenodo_author_processed_RNA_protein	micro_pilot_processing_20260730:v1.0.0	MOFA2_unsupervised_gaussian_two_view
rna	X19-EC1118_1O4_6491g	0.15476428481830273	-0.002178402807682589	-0.011230641802592948	-0.003872457338175634	0.034498660391999905	PXD044523_Zenodo_author_processed_RNA_protein	micro_pilot_processing_20260730:v1.0.0	MOFA2_unsupervised_gaussian_two_view
rna	X1284-augustus_masked-APC_4-8186	-0.12018946176217617	-0.0007819633126715598	-0.0693036713930039	0.17787352096354467	-0.07370334602302048	PXD044523_Zenodo_author_processed_RNA_protein	micro_pilot_processing_20260730:v1.0.0	MOFA2_unsupervised_gaussian_two_view
rna	YOR385W	0.028255092478127464	0.07947387293596424	0.0010290382181613912	-0.17585235061238677	0.004987832625365095	PXD044523_Zenodo_author_processed_RNA_protein	micro_pilot_processing_20260730:v1.0.0	MOFA2_unsupervised_gaussian_two_view
rna	X160-augustus_masked-223-BFM_3	-0.2531866517342088	-0.06507597938373907	-0.10686801606690019	0.059792720614407796	-0.000817724456824447	PXD044523_Zenodo_author_processed_RNA_protein	micro_pilot_processing_20260730:v1.0.0	MOFA2_unsupervised_gaussian_two_view
rna	YLR156C-A	-0.010544295310801019	-0.0012748000443812298	-0.05399722032703298	0.015366465976999723	0.000342207609760031	PXD044523_Zenodo_author_processed_RNA_protein	micro_pilot_processing_20260730:v1.0.0	MOFA2_unsupervised_gaussian_two_view
rna	YLR159C-A	-0.010167485555048084	-0.0012920797502619398	-0.054108532517643734	0.015604346448551656	0.00024677296933330235	PXD044523_Zenodo_author_processed_RNA_protein	micro_pilot_processing_20260730:v1.0.0	MOFA2_unsupervised_gaussian_two_view
rna	YOL158C	-0.07779150155259022	0.07894218519360152	-0.07360909116571059	0.05499491511809384	-0.18168501835063913	PXD044523_Zenodo_author_processed_RNA_protein	micro_pilot_processing_20260730:v1.0.0	MOFA2_unsupervised_gaussian_two_view
rna	YGL255W	0.09931177154695174	2.3101213476875443e-05	-0.0008149024700214855	-0.10701304127646952	-0.0002347120591299707	PXD044523_Zenodo_author_processed_RNA_protein	micro_pilot_processing_20260730:v1.0.0	MOFA2_unsupervised_gaussian_two_view
rna	X906-augustus_masked-BIL_3-4712	-0.04193055044783309	-0.001222513701638351	0.00461945812263162	-0.0023902673366057196	-0.03335297090252004	PXD044523_Zenodo_author_processed_RNA_protein	micro_pilot_processing_20260730:v1.0.0	MOFA2_unsupervised_gaussian_two_view
rna	X930-augustus_masked-ADV_4-6333	-0.00021155644463317062	0.017937364611038495	0.02711406945972724	0.1572512808540838	-0.026837090699914176	PXD044523_Zenodo_author_processed_RNA_protein	micro_pilot_processing_20260730:v1.0.0	MOFA2_unsupervised_gaussian_two_view
rna	YBR301W	0.003198402766171261	-0.06722662398305428	0.06930802746888759	-0.024107245600399858	0.007297901172044165	PXD044523_Zenodo_author_processed_RNA_protein	micro_pilot_processing_20260730:v1.0.0	MOFA2_unsupervised_gaussian_two_view
rna	YFL020C	-0.059939225266829585	-0.00033548523103546436	0.21034238536669866	-0.0016682179949952989	-0.0002953607686467157	PXD044523_Zenodo_author_processed_RNA_protein	micro_pilot_processing_20260730:v1.0.0	MOFA2_unsupervised_gaussian_two_view
rna	YOL159C	-0.06252005121325753	0.0653198283058366	0.0008572527986937427	0.0885595565654245	-0.1710915313922911	PXD044523_Zenodo_author_processed_RNA_protein	micro_pilot_processing_20260730:v1.0.0	MOFA2_unsupervised_gaussian_two_view
rna	YFL056C	0.003731755520915886	-0.00038343600130471677	0.11588013349980275	-0.17949659261162618	0.0632510971637569	PXD044523_Zenodo_author_processed_RNA_protein	micro_pilot_processing_20260730:v1.0.0	MOFA2_unsupervised_gaussian_two_view
rna	X27-EC1118_1O4_6612g	0.10608034399464249	-0.01042962002537415	-0.0395197803567008	-0.00022801133377897025	0.0033101821589330916	PXD044523_Zenodo_author_processed_RNA_protein	micro_pilot_processing_20260730:v1.0.0	MOFA2_unsupervised_gaussian_two_view
rna	YER138W-A	0.20640639261395027	-0.0025219455636140645	-0.051545450660046184	-0.04916962398453709	-0.006034695207260343	PXD044523_Zenodo_author_processed_RNA_protein	micro_pilot_processing_20260730:v1.0.0	MOFA2_unsupervised_gaussian_two_view
rna	X457-maker-208-BFM_3	-0.07470618238998646	0.01430229345834015	0.04752401331466698	-0.04248922731060867	-0.0703107754730776	PXD044523_Zenodo_author_processed_RNA_protein	micro_pilot_processing_20260730:v1.0.0	MOFA2_unsupervised_gaussian_two_view
rna	YDR461W	-0.026337106806843005	-0.08779168814279859	0.003542835708986001	0.0011502132223254018	-0.05168565203697109	PXD044523_Zenodo_author_processed_RNA_protein	micro_pilot_processing_20260730:v1.0.0	MOFA2_unsupervised_gaussian_two_view
rna	YOR010C	0.08251881907680131	-0.026867417433782695	0.16858884094369636	-0.034979910492884785	0.05633100550547014	PXD044523_Zenodo_author_processed_RNA_protein	micro_pilot_processing_20260730:v1.0.0	MOFA2_unsupervised_gaussian_two_view
rna	YHL047C	0.00011974800255065053	6.242430774595704e-05	-0.007688497903488414	-0.0006055186802808764	-0.09490740117052615	PXD044523_Zenodo_author_processed_RNA_protein	micro_pilot_processing_20260730:v1.0.0	MOFA2_unsupervised_gaussian_two_view
rna	X517-maker-6533-ADE_2	-0.08852986647247924	0.0010540220026224278	-0.026032688057019995	0.05636757364477457	-0.06941833524364409	PXD044523_Zenodo_author_processed_RNA_protein	micro_pilot_processing_20260730:v1.0.0	MOFA2_unsupervised_gaussian_two_view
rna	YMR046W-A	-0.21354277826099183	-0.0031657140718565633	-0.10609166122310086	0.23543758636085296	-0.11575627549044604	PXD044523_Zenodo_author_processed_RNA_protein	micro_pilot_processing_20260730:v1.0.0	MOFA2_unsupervised_gaussian_two_view
rna	X1248-augustus_masked-CCR_1-6225	8.371356950122755e-07	-0.10385788573644447	0.052130048195587975	0.09252939565458178	0.01583056873133071	PXD044523_Zenodo_author_processed_RNA_protein	micro_pilot_processing_20260730:v1.0.0	MOFA2_unsupervised_gaussian_two_view
rna	YAR027W	0.21097610844977058	0.004328556668769499	0.041443649028678003	-0.06080543129755554	0.000402535540355322	PXD044523_Zenodo_author_processed_RNA_protein	micro_pilot_processing_20260730:v1.0.0	MOFA2_unsupervised_gaussian_two_view
rna	YAR029W	0.012150202300468536	0.03679343017424145	-0.007597154227239289	0.011611155440365856	-0.09442344537044017	PXD044523_Zenodo_author_processed_RNA_protein	micro_pilot_processing_20260730:v1.0.0	MOFA2_unsupervised_gaussian_two_view
rna	YEL073C	0.11250238259607187	0.05163616063747463	-0.04294836304847071	-0.0043006067815761625	-0.057421867136337776	PXD044523_Zenodo_author_processed_RNA_protein	micro_pilot_processing_20260730:v1.0.0	MOFA2_unsupervised_gaussian_two_view
rna	X426-maker-115-YCE	0.11871284279488299	0.06611852236864034	-0.00947265290641386	0.11378115850699871	-0.028428266568012475	PXD044523_Zenodo_author_processed_RNA_protein	micro_pilot_processing_20260730:v1.0.0	MOFA2_unsupervised_gaussian_two_view
rna	X143-augustus_masked-175-YCE	-0.16541809791594017	0.06833970191153214	-0.03905830813791486	0.18111227712210665	-0.13119462203694698	PXD044523_Zenodo_author_processed_RNA_protein	micro_pilot_processing_20260730:v1.0.0	MOFA2_unsupervised_gaussian_two_view
rna	YOR009W	0.013317915327501052	-0.06610541950187039	0.08817061092770502	-0.059257254379342775	0.012579320826609936	PXD044523_Zenodo_author_processed_RNA_protein	micro_pilot_processing_20260730:v1.0.0	MOFA2_unsupervised_gaussian_two_view
rna	X904-augustus_masked-BIL_3-4712	0.04317251843545814	-1.3540340289790677e-05	0.002710260333761061	-0.004466728284763551	-0.000776505405221998	PXD044523_Zenodo_author_processed_RNA_protein	micro_pilot_processing_20260730:v1.0.0	MOFA2_unsupervised_gaussian_two_view
rna	YBL107W-A	0.2151361255226572	-0.005375537934537909	-0.06528244340110496	-0.007854472549201465	0.0022351850296111627	PXD044523_Zenodo_author_processed_RNA_protein	micro_pilot_processing_20260730:v1.0.0	MOFA2_unsupervised_gaussian_two_view
rna	YBL108C-A	0.12243143384038235	-0.020229188539137202	0.000755102552667378	-0.027039550985260303	0.027749115591872296	PXD044523_Zenodo_author_processed_RNA_protein	micro_pilot_processing_20260730:v1.0.0	MOFA2_unsupervised_gaussian_two_view
rna	X470-maker-253-BFM_3	-0.09655326629376185	0.002448570500597652	-0.16514353766808632	0.28641519551000827	-0.17188562433015375	PXD044523_Zenodo_author_processed_RNA_protein	micro_pilot_processing_20260730:v1.0.0	MOFA2_unsupervised_gaussian_two_view
rna	YJR155W	0.04020875914691444	0.023592003579711945	0.13452437404742815	-0.03694425571578971	0.06841872535427698	PXD044523_Zenodo_author_processed_RNA_protein	micro_pilot_processing_20260730:v1.0.0	MOFA2_unsupervised_gaussian_two_view
rna	X1525-maker-CQS_4-6365	2.6725865994684487e-05	0.022190177837631015	0.06234060797655681	-0.005617281974884553	-2.8984634795311295e-06	PXD044523_Zenodo_author_processed_RNA_protein	micro_pilot_processing_20260730:v1.0.0	MOFA2_unsupervised_gaussian_two_view
rna	YAR020C	-0.09638252380074883	-0.001055494220586697	0.15233104583102494	-0.0008682066562453176	0.00157829052396266	PXD044523_Zenodo_author_processed_RNA_protein	micro_pilot_processing_20260730:v1.0.0	MOFA2_unsupervised_gaussian_two_view
rna	X251-augustus_masked-515-ADN_4	-0.19983490122602415	-0.0020900693824058856	0.06960561020418675	0.17128749303069346	-0.09077325835321479	PXD044523_Zenodo_author_processed_RNA_protein	micro_pilot_processing_20260730:v1.0.0	MOFA2_unsupervised_gaussian_two_view
rna	YLR411W	-0.07142863117076391	-0.011266178331994642	0.002003145748079084	0.002109133537034516	-0.012809471109527116	PXD044523_Zenodo_author_processed_RNA_protein	micro_pilot_processing_20260730:v1.0.0	MOFA2_unsupervised_gaussian_two_view
rna	X1212-augustus_masked-BCG_8-12612	-0.1343829689385504	0.001469495057787453	-0.09054461772740413	0.2711262130637602	-0.00041535044702741236	PXD044523_Zenodo_author_processed_RNA_protein	micro_pilot_processing_20260730:v1.0.0	MOFA2_unsupervised_gaussian_two_view
rna	YGL258W	0.053354123876454475	-0.04934030339113989	-0.061766305871292206	-0.010532127272187367	0.018047521435481467	PXD044523_Zenodo_author_processed_RNA_protein	micro_pilot_processing_20260730:v1.0.0	MOFA2_unsupervised_gaussian_two_view
rna	YGL032C	-0.00017277853388795983	-0.08529365735604504	0.005050385786666193	0.0019122024869293996	-0.06591703983092856	PXD044523_Zenodo_author_processed_RNA_protein	micro_pilot_processing_20260730:v1.0.0	MOFA2_unsupervised_gaussian_two_view
rna	YGR288W	-0.0780933881755533	0.06304373109623038	-0.08556120919617625	0.059829480943561324	-0.1298579684881529	PXD044523_Zenodo_author_processed_RNA_protein	micro_pilot_processing_20260730:v1.0.0	MOFA2_unsupervised_gaussian_two_view
rna	YJR005C-A	-0.11458080426614432	-0.0046510588364752515	-0.15227414697483624	0.14156649286970882	-0.006461304573003181	PXD044523_Zenodo_author_processed_RNA_protein	micro_pilot_processing_20260730:v1.0.0	MOFA2_unsupervised_gaussian_two_view
rna	X1107-augustus_masked-AFA_4-7928	-0.006325690500759491	-0.06392392787273726	0.02557640022982879	-0.0023384921186928582	4.849462871244727e-06	PXD044523_Zenodo_author_processed_RNA_protein	micro_pilot_processing_20260730:v1.0.0	MOFA2_unsupervised_gaussian_two_view
rna	YNL333W	-0.10155758915887049	-0.053484488180570486	0.061242774864593036	0.13722058150710045	0.00047445359167882264	PXD044523_Zenodo_author_processed_RNA_protein	micro_pilot_processing_20260730:v1.0.0	MOFA2_unsupervised_gaussian_two_view
rna	YGL053W	-0.16234938364282797	0.0026403656766953256	0.0003817843547719484	0.13618392548269154	-0.09427906919363757	PXD044523_Zenodo_author_processed_RNA_protein	micro_pilot_processing_20260730:v1.0.0	MOFA2_unsupervised_gaussian_two_view
rna	YHR216W	0.24455354511209162	-0.002924570031742803	-0.03351338819198004	-0.1289220327099775	0.019973648630495677	PXD044523_Zenodo_author_processed_RNA_protein	micro_pilot_processing_20260730:v1.0.0	MOFA2_unsupervised_gaussian_two_view
rna	YOL154W	-0.07152883529756932	-0.0003844327394909216	-0.033123804475964067	-0.0013890183817026388	-0.041699024640561966	PXD044523_Zenodo_author_processed_RNA_protein	micro_pilot_processing_20260730:v1.0.0	MOFA2_unsupervised_gaussian_two_view
rna	YLL025W	-0.0793746110722111	-0.0021435105085927737	0.1417346714287818	0.004022786569421955	0.0011152279655438759	PXD044523_Zenodo_author_processed_RNA_protein	micro_pilot_processing_20260730:v1.0.0	MOFA2_unsupervised_gaussian_two_view
protein	YLR134W	0.011890343855156273	0.0020412806528200722	-0.13907811343383794	0.24186429802770157	-0.006143748322865252	PXD044523_Zenodo_author_processed_RNA_protein	micro_pilot_processing_20260730:v1.0.0	MOFA2_unsupervised_gaussian_two_view
protein	YGL256W	0.30595092483537517	0.15360609064238304	-0.19084926465938212	-0.16836611000511412	0.007632515558133246	PXD044523_Zenodo_author_processed_RNA_protein	micro_pilot_processing_20260730:v1.0.0	MOFA2_unsupervised_gaussian_two_view
protein	YCL026C-B	0.33960921263200844	0.1414345463135245	0.1255628104206342	-0.2017029771226862	0.10826525917284945	PXD044523_Zenodo_author_processed_RNA_protein	micro_pilot_processing_20260730:v1.0.0	MOFA2_unsupervised_gaussian_two_view
protein	YOR375C	0.027778894818286305	0.17553995740095413	0.12025981668925974	-0.10673769741839981	0.02394423408380055	PXD044523_Zenodo_author_processed_RNA_protein	micro_pilot_processing_20260730:v1.0.0	MOFA2_unsupervised_gaussian_two_view
protein	YDL182W	-0.00036946237740415945	0.6442996904336576	-0.1808717617210128	-0.0006364903466415759	0.03202481447956162	PXD044523_Zenodo_author_processed_RNA_protein	micro_pilot_processing_20260730:v1.0.0	MOFA2_unsupervised_gaussian_two_view
protein	YLR303W	0.0026769976853644587	0.2296360811469897	0.10608272087874797	0.12463137739628129	-0.029641005000557163	PXD044523_Zenodo_author_processed_RNA_protein	micro_pilot_processing_20260730:v1.0.0	MOFA2_unsupervised_gaussian_two_view
protein	YGL062W	-0.0018105961119741826	0.1845905386881714	-0.010486424144965121	-0.01670090122180263	-0.003550575205718874	PXD044523_Zenodo_author_processed_RNA_protein	micro_pilot_processing_20260730:v1.0.0	MOFA2_unsupervised_gaussian_two_view
protein	YHR087W	-0.2770433103267258	0.00022358191646928966	0.25921134161683895	0.33387154995140444	-0.16571755255051343	PXD044523_Zenodo_author_processed_RNA_protein	micro_pilot_processing_20260730:v1.0.0	MOFA2_unsupervised_gaussian_two_view
protein	YMR105C	-0.01394312737156331	0.24606554186112545	0.23454433744582048	0.09078864781070248	-0.07633174764218206	PXD044523_Zenodo_author_processed_RNA_protein	micro_pilot_processing_20260730:v1.0.0	MOFA2_unsupervised_gaussian_two_view
protein	YML100W	-0.07658774119716265	0.15905677004547325	0.25000594804388293	0.10733379784199534	-0.06758543804946368	PXD044523_Zenodo_author_processed_RNA_protein	micro_pilot_processing_20260730:v1.0.0	MOFA2_unsupervised_gaussian_two_view
protein	YNR034W-A	-0.08115075780344028	0.1577487933076612	0.16964828045480201	0.15180116746533975	-0.07244999784155948	PXD044523_Zenodo_author_processed_RNA_protein	micro_pilot_processing_20260730:v1.0.0	MOFA2_unsupervised_gaussian_two_view
protein	YIR034C	-0.0002708164533010883	0.5471225543766948	-0.15853958920649594	0.00020213275851652842	0.03014513275535839	PXD044523_Zenodo_author_processed_RNA_protein	micro_pilot_processing_20260730:v1.0.0	MOFA2_unsupervised_gaussian_two_view
protein	YOR374W	-0.13847904269408465	0.22236480696244132	0.3255424854324992	0.04973452014127889	-0.009447895885952587	PXD044523_Zenodo_author_processed_RNA_protein	micro_pilot_processing_20260730:v1.0.0	MOFA2_unsupervised_gaussian_two_view
protein	YJR025C	-0.004136060071402763	0.33950805376253734	-0.06662316527581053	0.012021612825446455	-0.008854551768514213	PXD044523_Zenodo_author_processed_RNA_protein	micro_pilot_processing_20260730:v1.0.0	MOFA2_unsupervised_gaussian_two_view
protein	YOL058W	-0.012531130460199786	0.4738395063506008	-0.10979502795893462	0.0005756347513410389	0.08408288679105934	PXD044523_Zenodo_author_processed_RNA_protein	micro_pilot_processing_20260730:v1.0.0	MOFA2_unsupervised_gaussian_two_view
protein	YEL071W	0.07815180215663073	0.13206240247137305	-0.268992522121406	-0.17580795269331292	-0.0006066227677705939	PXD044523_Zenodo_author_processed_RNA_protein	micro_pilot_processing_20260730:v1.0.0	MOFA2_unsupervised_gaussian_two_view
protein	YNL274C	1.956188792784665e-05	0.20458114128970292	0.40267576330934773	0.08521863600929143	-0.007887949013767938	PXD044523_Zenodo_author_processed_RNA_protein	micro_pilot_processing_20260730:v1.0.0	MOFA2_unsupervised_gaussian_two_view
protein	YJL052W	0.02637764435703138	0.000803695064337831	0.07373405944044034	0.06974481294813517	0.0024534072689064977	PXD044523_Zenodo_author_processed_RNA_protein	micro_pilot_processing_20260730:v1.0.0	MOFA2_unsupervised_gaussian_two_view
protein	YNL239W	-0.07172487040287719	0.389357517566872	-0.11604335341815901	0.010940808368183922	-0.06640387253496784	PXD044523_Zenodo_author_processed_RNA_protein	micro_pilot_processing_20260730:v1.0.0	MOFA2_unsupervised_gaussian_two_view
protein	YJR109C	0.005730719110945757	0.4268328011920973	-0.23572182051264567	-0.005410589860935394	-0.004650371181621361	PXD044523_Zenodo_author_processed_RNA_protein	micro_pilot_processing_20260730:v1.0.0	MOFA2_unsupervised_gaussian_two_view
protein	YMR062C	0.05318172287753613	0.35104274676330016	-0.12923120232789673	0.0016269825240331774	0.021355216686597914	PXD044523_Zenodo_author_processed_RNA_protein	micro_pilot_processing_20260730:v1.0.0	MOFA2_unsupervised_gaussian_two_view
protein	YNR050C	-0.027449850861172378	0.38080363425307157	-0.20056365517486804	0.006726431657421997	0.06640874417368947	PXD044523_Zenodo_author_processed_RNA_protein	micro_pilot_processing_20260730:v1.0.0	MOFA2_unsupervised_gaussian_two_view
protein	YDR035W	-0.05119894692884733	-0.008314048993827783	-0.13212223763761394	0.003068154780755422	0.006030706145812485	PXD044523_Zenodo_author_processed_RNA_protein	micro_pilot_processing_20260730:v1.0.0	MOFA2_unsupervised_gaussian_two_view
protein	YJL200C	-0.06564811501898529	0.15268334863274372	-0.1363433681853379	0.13403487913704956	0.078610999748016	PXD044523_Zenodo_author_processed_RNA_protein	micro_pilot_processing_20260730:v1.0.0	MOFA2_unsupervised_gaussian_two_view
protein	YER177W	-0.0032586849398687067	-0.10307576186330501	0.004310785651821808	0.07185616994185436	0.0667728375088756	PXD044523_Zenodo_author_processed_RNA_protein	micro_pilot_processing_20260730:v1.0.0	MOFA2_unsupervised_gaussian_two_view
protein	YLR179C	0.2844224124463057	-0.060982505047814065	0.06276245955086163	-0.2563811000351564	0.1531680841606075	PXD044523_Zenodo_author_processed_RNA_protein	micro_pilot_processing_20260730:v1.0.0	MOFA2_unsupervised_gaussian_two_view
protein	YPL240C	-0.036092134334114394	-0.2353578352098328	-0.06744815306025777	0.04018280693294617	-0.0003595643221823095	PXD044523_Zenodo_author_processed_RNA_protein	micro_pilot_processing_20260730:v1.0.0	MOFA2_unsupervised_gaussian_two_view
protein	YDR322C-A	0.0025676566237921084	0.1560442352177346	0.2879948311725261	0.000870468624537055	-0.006718154581121519	PXD044523_Zenodo_author_processed_RNA_protein	micro_pilot_processing_20260730:v1.0.0	MOFA2_unsupervised_gaussian_two_view
protein	YDL130W	-0.0457670579460613	-0.3538988424498999	-0.059715191600170754	0.002897643226466887	0.033048404077727224	PXD044523_Zenodo_author_processed_RNA_protein	micro_pilot_processing_20260730:v1.0.0	MOFA2_unsupervised_gaussian_two_view
protein	YBR177C	0.0011563920166694597	0.14963905760160356	0.002933469852944287	0.04670184445513685	-0.011229685628459402	PXD044523_Zenodo_author_processed_RNA_protein	micro_pilot_processing_20260730:v1.0.0	MOFA2_unsupervised_gaussian_two_view
protein	YIL116W	0.1269231187719068	0.15927186835945847	-0.08491281125612073	-0.008896510230861946	0.08925709537284528	PXD044523_Zenodo_author_processed_RNA_protein	micro_pilot_processing_20260730:v1.0.0	MOFA2_unsupervised_gaussian_two_view
protein	YER069W	0.08507509095160894	0.3773943704629745	-0.0005496243213384288	-0.05930799750938032	0.11874515189085275	PXD044523_Zenodo_author_processed_RNA_protein	micro_pilot_processing_20260730:v1.0.0	MOFA2_unsupervised_gaussian_two_view
protein	YDL181W	-0.08853726082074138	0.0670218697901266	0.323820080577073	0.0696035713291006	-0.006376154337042845	PXD044523_Zenodo_author_processed_RNA_protein	micro_pilot_processing_20260730:v1.0.0	MOFA2_unsupervised_gaussian_two_view
protein	YPL111W	-0.12734566807561204	-0.0683068644586246	-0.056016640471182745	-0.002643443351134656	-0.09831996206855044	PXD044523_Zenodo_author_processed_RNA_protein	micro_pilot_processing_20260730:v1.0.0	MOFA2_unsupervised_gaussian_two_view
protein	YPR127W	-0.1029985471412388	0.0868942873259518	0.19360082220034086	0.0646488923174537	-0.023601853179531077	PXD044523_Zenodo_author_processed_RNA_protein	micro_pilot_processing_20260730:v1.0.0	MOFA2_unsupervised_gaussian_two_view
protein	YER081W	0.0010413859588389613	0.01611831973884475	-0.1224201383911457	-0.14883432195506877	-0.018486375125639012	PXD044523_Zenodo_author_processed_RNA_protein	micro_pilot_processing_20260730:v1.0.0	MOFA2_unsupervised_gaussian_two_view
protein	YCL018W	-0.03881516097490801	0.0014484179724635635	-0.0996542292011937	-0.0020910132925320694	-0.04131208525158096	PXD044523_Zenodo_author_processed_RNA_protein	micro_pilot_processing_20260730:v1.0.0	MOFA2_unsupervised_gaussian_two_view
protein	YOR065W	-9.778665924213103e-05	0.15113629346214397	0.4333835918336183	0.051625352692604584	0.0018704682246097146	PXD044523_Zenodo_author_processed_RNA_protein	micro_pilot_processing_20260730:v1.0.0	MOFA2_unsupervised_gaussian_two_view
protein	YGL125W	0.16592398558039004	0.11325558894488234	-0.001312410624087936	-0.0033223463895443355	0.04588732983661715	PXD044523_Zenodo_author_processed_RNA_protein	micro_pilot_processing_20260730:v1.0.0	MOFA2_unsupervised_gaussian_two_view
protein	YDL046W	-0.059637079674679676	0.05666429296973524	-0.00027647245180401726	0.100419614227179	-0.09762542612717925	PXD044523_Zenodo_author_processed_RNA_protein	micro_pilot_processing_20260730:v1.0.0	MOFA2_unsupervised_gaussian_two_view
protein	YMR189W	0.09576723805881587	0.17508926995397472	0.06668154197920331	0.0001761272926921061	0.061139822050253666	PXD044523_Zenodo_author_processed_RNA_protein	micro_pilot_processing_20260730:v1.0.0	MOFA2_unsupervised_gaussian_two_view
protein	YDR174W	0.0811887401148716	0.1842774441028336	0.015769981366379252	-0.0266807741176503	0.004650139602352214	PXD044523_Zenodo_author_processed_RNA_protein	micro_pilot_processing_20260730:v1.0.0	MOFA2_unsupervised_gaussian_two_view
protein	YBR126C	-0.08122639888672345	0.1396935515659674	0.2731704102031859	0.16452943836233208	-0.0961299350128992	PXD044523_Zenodo_author_processed_RNA_protein	micro_pilot_processing_20260730:v1.0.0	MOFA2_unsupervised_gaussian_two_view
protein	YHR018C	0.03683054444606619	0.4102765367527585	-0.11392098305681912	-0.0005164464115108857	0.001169103259327113	PXD044523_Zenodo_author_processed_RNA_protein	micro_pilot_processing_20260730:v1.0.0	MOFA2_unsupervised_gaussian_two_view
protein	YER044C	0.11759436581648466	0.01923511674716309	-0.10602172260828985	-0.1349226229954692	0.011683330846329006	PXD044523_Zenodo_author_processed_RNA_protein	micro_pilot_processing_20260730:v1.0.0	MOFA2_unsupervised_gaussian_two_view
protein	YAL005C	-0.07364865812510203	-0.0013094969278013872	-0.00012818874292383532	0.11636275540484024	-0.09365180274074052	PXD044523_Zenodo_author_processed_RNA_protein	micro_pilot_processing_20260730:v1.0.0	MOFA2_unsupervised_gaussian_two_view
protein	YHR174W	-0.07296491508891124	-0.32377566548568304	-0.17944841500294137	0.04674155502401117	0.002476728539509258	PXD044523_Zenodo_author_processed_RNA_protein	micro_pilot_processing_20260730:v1.0.0	MOFA2_unsupervised_gaussian_two_view
protein	YJL026W	-0.06072171275422704	-0.052935971929414384	-0.0011698379092464658	0.05471415122676001	0.004700215421531135	PXD044523_Zenodo_author_processed_RNA_protein	micro_pilot_processing_20260730:v1.0.0	MOFA2_unsupervised_gaussian_two_view
protein	YNL098C	-0.01791928734303548	0.09829882272086168	0.12822641808091428	0.08895834256965927	-0.004582280949764723	PXD044523_Zenodo_author_processed_RNA_protein	micro_pilot_processing_20260730:v1.0.0	MOFA2_unsupervised_gaussian_two_view
protein	YCL040W	-0.1536874463545058	0.1508127521597061	0.010749318813159808	0.2539361232048673	-0.11256035942450186	PXD044523_Zenodo_author_processed_RNA_protein	micro_pilot_processing_20260730:v1.0.0	MOFA2_unsupervised_gaussian_two_view
protein	YDR513W	-0.012684663771764351	-0.08767364328220205	0.19335563913841186	0.07875477228945833	0.006398173268512156	PXD044523_Zenodo_author_processed_RNA_protein	micro_pilot_processing_20260730:v1.0.0	MOFA2_unsupervised_gaussian_two_view
protein	YJR073C	-8.393139148313156e-05	0.002530017571677363	0.08394973297652655	-0.032946167825309604	-0.018926448693404645	PXD044523_Zenodo_author_processed_RNA_protein	micro_pilot_processing_20260730:v1.0.0	MOFA2_unsupervised_gaussian_two_view
protein	YGL191W	-0.050225678014477824	-0.002819610663120877	0.18841400175744957	0.01973903514733615	0.017759364648089904	PXD044523_Zenodo_author_processed_RNA_protein	micro_pilot_processing_20260730:v1.0.0	MOFA2_unsupervised_gaussian_two_view
protein	YHR132W-A	-0.0005852281019514045	0.19239843045370827	-0.001998111520312113	0.00870043790364728	-0.010712812192519034	PXD044523_Zenodo_author_processed_RNA_protein	micro_pilot_processing_20260730:v1.0.0	MOFA2_unsupervised_gaussian_two_view
protein	YLR262C-A	-0.001378785632971298	-0.0034305705381509188	0.002609545556807956	-0.024798347956121743	-0.008850213380887734	PXD044523_Zenodo_author_processed_RNA_protein	micro_pilot_processing_20260730:v1.0.0	MOFA2_unsupervised_gaussian_two_view
protein	YMR261C	0.0005933407922839798	0.12219980792127035	0.14408302096873468	0.02274677579039347	-0.04826176663292597	PXD044523_Zenodo_author_processed_RNA_protein	micro_pilot_processing_20260730:v1.0.0	MOFA2_unsupervised_gaussian_two_view
protein	YCL030C	0.2018103385539674	0.28457400872571886	-0.001403289163798623	-0.14332678943024996	0.07138258324350374	PXD044523_Zenodo_author_processed_RNA_protein	micro_pilot_processing_20260730:v1.0.0	MOFA2_unsupervised_gaussian_two_view
protein	YNL134C	-0.0020420143168395606	0.10321300104986003	0.15159480279132642	0.12764341011424069	-0.0606261616834216	PXD044523_Zenodo_author_processed_RNA_protein	micro_pilot_processing_20260730:v1.0.0	MOFA2_unsupervised_gaussian_two_view
protein	YDR234W	-0.03846429034109412	0.14496272808799182	-0.11739750592155765	0.08315769254464846	0.0031461603248646936	PXD044523_Zenodo_author_processed_RNA_protein	micro_pilot_processing_20260730:v1.0.0	MOFA2_unsupervised_gaussian_two_view
protein	YER156C	0.0017633186658334344	-0.2556003204242258	-0.0004199263261193539	0.05340931875697104	-0.0049704265551314235	PXD044523_Zenodo_author_processed_RNA_protein	micro_pilot_processing_20260730:v1.0.0	MOFA2_unsupervised_gaussian_two_view
protein	YKL016C	-0.0176055518714158	0.08836528568309317	0.19986840978155018	0.01247280739903158	0.0039022888558089687	PXD044523_Zenodo_author_processed_RNA_protein	micro_pilot_processing_20260730:v1.0.0	MOFA2_unsupervised_gaussian_two_view
protein	YGR244C	-0.08559033080725206	0.08834793477829103	0.19324095477847847	0.09577262441063614	-0.04853661264790053	PXD044523_Zenodo_author_processed_RNA_protein	micro_pilot_processing_20260730:v1.0.0	MOFA2_unsupervised_gaussian_two_view
protein	YIL053W	-0.03333160394700597	-0.0020273888102832678	-0.21017869320498295	0.0001235803610706147	-0.008104882720226077	PXD044523_Zenodo_author_processed_RNA_protein	micro_pilot_processing_20260730:v1.0.0	MOFA2_unsupervised_gaussian_two_view
protein	YML022W	-0.06226907748218166	-0.269065693327123	-0.09930764821931855	0.03772434811756791	-0.00853802658562277	PXD044523_Zenodo_author_processed_RNA_protein	micro_pilot_processing_20260730:v1.0.0	MOFA2_unsupervised_gaussian_two_view
protein	YLR186W	0.04388559778992668	-0.11491706719062542	-0.05387065303502344	-0.002005159125317687	-0.00949641342202819	PXD044523_Zenodo_author_processed_RNA_protein	micro_pilot_processing_20260730:v1.0.0	MOFA2_unsupervised_gaussian_two_view
protein	YLR304C	-0.06802262426847118	-0.1715699096817507	0.2512157397667384	0.10275378537194273	-0.018956397169610485	PXD044523_Zenodo_author_processed_RNA_protein	micro_pilot_processing_20260730:v1.0.0	MOFA2_unsupervised_gaussian_two_view
protein	YDL198C	0.0009392354647226818	0.2946135137433647	-0.002730625865095047	-0.000996625830160729	0.0034646867165854128	PXD044523_Zenodo_author_processed_RNA_protein	micro_pilot_processing_20260730:v1.0.0	MOFA2_unsupervised_gaussian_two_view
protein	YLR038C	-0.06414818134640554	0.09572627736358395	0.34767966840966985	0.029555811668807976	-0.00626502936170089	PXD044523_Zenodo_author_processed_RNA_protein	micro_pilot_processing_20260730:v1.0.0	MOFA2_unsupervised_gaussian_two_view
protein	YDR298C	-0.0017945321230550435	0.08065617309491054	0.3682658684637103	-0.0020649007480805495	0.0033539929395815025	PXD044523_Zenodo_author_processed_RNA_protein	micro_pilot_processing_20260730:v1.0.0	MOFA2_unsupervised_gaussian_two_view
protein	YMR145C	-0.0010391147714699748	0.07910276558970969	0.3477705572210872	-0.00222495291617354	-0.0029534707336913574	PXD044523_Zenodo_author_processed_RNA_protein	micro_pilot_processing_20260730:v1.0.0	MOFA2_unsupervised_gaussian_two_view
protein	YER006W	0.052124270389196585	-0.02969431417526026	-0.009418717207799757	-0.03762658785550184	0.001040437971168048	PXD044523_Zenodo_author_processed_RNA_protein	micro_pilot_processing_20260730:v1.0.0	MOFA2_unsupervised_gaussian_two_view
protein	YIL076W	0.04923233052618408	-0.049438967976788206	-0.0001580367200107764	-0.0010453683790672321	-0.01402504385226784	PXD044523_Zenodo_author_processed_RNA_protein	micro_pilot_processing_20260730:v1.0.0	MOFA2_unsupervised_gaussian_two_view
protein	YPL091W	0.2376226362264321	-0.0367484450023656	0.10644389575439239	-0.08151856747504707	0.025670983815722297	PXD044523_Zenodo_author_processed_RNA_protein	micro_pilot_processing_20260730:v1.0.0	MOFA2_unsupervised_gaussian_two_view
protein	YOR206W	0.0013485055477971152	-0.044433639678280484	-0.0023813344720868706	0.0019260871117391038	0.036251522998191274	PXD044523_Zenodo_author_processed_RNA_protein	micro_pilot_processing_20260730:v1.0.0	MOFA2_unsupervised_gaussian_two_view
protein	YKR016W	-0.03923991665425652	0.09259300337621176	0.25497862914182984	0.0010749785133308937	0.0010016764290695884	PXD044523_Zenodo_author_processed_RNA_protein	micro_pilot_processing_20260730:v1.0.0	MOFA2_unsupervised_gaussian_two_view
protein	YBR115C	0.03843222056372261	0.3358214771246591	-0.10667159264916506	-0.008714258890781068	0.039795571043607605	PXD044523_Zenodo_author_processed_RNA_protein	micro_pilot_processing_20260730:v1.0.0	MOFA2_unsupervised_gaussian_two_view
protein	YML028W	-0.051772460739836254	-0.2700163904220241	-0.05085630691805329	0.02482431846487124	0.01043047831597701	PXD044523_Zenodo_author_processed_RNA_protein	micro_pilot_processing_20260730:v1.0.0	MOFA2_unsupervised_gaussian_two_view
protein	YMR297W	-0.051531609571709734	0.029662733521782926	0.012458505623087372	0.10317471600820145	-0.07859583102173032	PXD044523_Zenodo_author_processed_RNA_protein	micro_pilot_processing_20260730:v1.0.0	MOFA2_unsupervised_gaussian_two_view
protein	YPL078C	-0.0021562241463516365	0.10942715085422505	0.38008795450091326	0.00022276528459854442	0.0019211003478305179	PXD044523_Zenodo_author_processed_RNA_protein	micro_pilot_processing_20260730:v1.0.0	MOFA2_unsupervised_gaussian_two_view
protein	YAL016W	-0.019404401251381317	0.10325790815793257	0.011944644676501545	0.01201685831204862	-0.0020695318241613077	PXD044523_Zenodo_author_processed_RNA_protein	micro_pilot_processing_20260730:v1.0.0	MOFA2_unsupervised_gaussian_two_view
protein	YPR004C	0.01980134628628181	0.18675055838334909	0.11727194435148029	0.044534049436296234	-0.0007111800393369924	PXD044523_Zenodo_author_processed_RNA_protein	micro_pilot_processing_20260730:v1.0.0	MOFA2_unsupervised_gaussian_two_view
protein	YLR133W	0.0010124503984584097	0.14324021319745442	0.051549014972482904	-0.000956042577000134	0.007029980134073862	PXD044523_Zenodo_author_processed_RNA_protein	micro_pilot_processing_20260730:v1.0.0	MOFA2_unsupervised_gaussian_two_view
protein	YBR039W	-0.0008112565176103735	0.06886713363162841	0.29424210836876113	0.043698475150594225	0.030012079327908704	PXD044523_Zenodo_author_processed_RNA_protein	micro_pilot_processing_20260730:v1.0.0	MOFA2_unsupervised_gaussian_two_view
protein	YIL125W	-0.04450428729269828	-0.054757119565132205	0.1654900204941662	0.04398438272378545	0.00190836495023122	PXD044523_Zenodo_author_processed_RNA_protein	micro_pilot_processing_20260730:v1.0.0	MOFA2_unsupervised_gaussian_two_view
protein	YHR063C	-3.858359650718786e-05	0.12433060366031372	-0.0001780838996233574	0.0022317123547890986	-0.007353176697489002	PXD044523_Zenodo_author_processed_RNA_protein	micro_pilot_processing_20260730:v1.0.0	MOFA2_unsupervised_gaussian_two_view
protein	YBR265W	0.0001621063603762284	0.13964999374298737	0.05326466157963901	0.0030576726223006385	-0.0024295968634125984	PXD044523_Zenodo_author_processed_RNA_protein	micro_pilot_processing_20260730:v1.0.0	MOFA2_unsupervised_gaussian_two_view
protein	YEL002C	0.0005338959974554944	0.15018092877866773	0.0003924519194880891	-0.00045887832250333726	0.006257165653905213	PXD044523_Zenodo_author_processed_RNA_protein	micro_pilot_processing_20260730:v1.0.0	MOFA2_unsupervised_gaussian_two_view
protein	YPL271W	-0.04419514882240955	-0.044268918910346844	0.2899270626999174	0.05361683797732769	-0.004230278684129604	PXD044523_Zenodo_author_processed_RNA_protein	micro_pilot_processing_20260730:v1.0.0	MOFA2_unsupervised_gaussian_two_view
protein	YIL094C	0.04558973214746038	0.2544806855259498	-0.16347075263445415	0.018140992492316096	0.0680694254040257	PXD044523_Zenodo_author_processed_RNA_protein	micro_pilot_processing_20260730:v1.0.0	MOFA2_unsupervised_gaussian_two_view
protein	YNL037C	-0.075912038381595	0.004697779655659769	0.1253771798043433	0.0046115536931463095	-0.00030263672500356717	PXD044523_Zenodo_author_processed_RNA_protein	micro_pilot_processing_20260730:v1.0.0	MOFA2_unsupervised_gaussian_two_view
protein	YKL216W	-0.02421597173172201	-0.07091023199263881	-1.1531915548978248e-05	0.005505564926631624	0.005835747260832798	PXD044523_Zenodo_author_processed_RNA_protein	micro_pilot_processing_20260730:v1.0.0	MOFA2_unsupervised_gaussian_two_view
protein	YDL236W	0.013728279135229837	0.08065207451705261	-0.05363008119407824	0.04338753844533752	0.005242171522334129	PXD044523_Zenodo_author_processed_RNA_protein	micro_pilot_processing_20260730:v1.0.0	MOFA2_unsupervised_gaussian_two_view
protein	YGL252C	0.11061928316631109	0.17261149150999128	0.044729851543760926	-0.026067333159245424	0.016394943681679403	PXD044523_Zenodo_author_processed_RNA_protein	micro_pilot_processing_20260730:v1.0.0	MOFA2_unsupervised_gaussian_two_view
protein	YNL112W	-0.0004649244456517772	-0.14341981893250255	-0.08802082347958608	-0.004720812851163919	-0.022278721490431266	PXD044523_Zenodo_author_processed_RNA_protein	micro_pilot_processing_20260730:v1.0.0	MOFA2_unsupervised_gaussian_two_view
protein	YGR157W	-0.017411713404125416	0.12588059341851965	0.12108504074513465	-0.0006252073586936778	-0.0011254118429631877	PXD044523_Zenodo_author_processed_RNA_protein	micro_pilot_processing_20260730:v1.0.0	MOFA2_unsupervised_gaussian_two_view
protein	YDR529C	-0.05197831976048304	-0.04774277874991287	0.2935319748936341	0.0013325258309357377	0.0003509258796311788	PXD044523_Zenodo_author_processed_RNA_protein	micro_pilot_processing_20260730:v1.0.0	MOFA2_unsupervised_gaussian_two_view
protein	YLR325C	-0.08998472826701501	-0.28057402848273605	0.00036355342443336825	0.04254995395776271	0.0013046509373117715	PXD044523_Zenodo_author_processed_RNA_protein	micro_pilot_processing_20260730:v1.0.0	MOFA2_unsupervised_gaussian_two_view
protein	YNL307C	-0.00010070973915603991	-0.0013373678053179394	0.02129837616528084	0.06180489006846707	0.03603399332526501	PXD044523_Zenodo_author_processed_RNA_protein	micro_pilot_processing_20260730:v1.0.0	MOFA2_unsupervised_gaussian_two_view
protein	YOR136W	-0.017387256003956592	0.08627920156420521	0.12339639641014731	0.02425066421652209	-0.01172258348503774	PXD044523_Zenodo_author_processed_RNA_protein	micro_pilot_processing_20260730:v1.0.0	MOFA2_unsupervised_gaussian_two_view
protein	YDL174C	-0.009708144165362797	-0.0037207398821640985	0.0025724441732447793	-0.03877066459513918	-0.020383486598826408	PXD044523_Zenodo_author_processed_RNA_protein	micro_pilot_processing_20260730:v1.0.0	MOFA2_unsupervised_gaussian_two_view
