feature_id	module_label	module_color
X40-augustus_masked-3-ALIPLA_SA	3	brown
X42-augustus_masked-3-ALIPLA_SA	3	brown
X39-augustus_masked-2-CGIPLA_MA	3	brown
X38-augustus_masked-2-CGIPLA_MA	3	brown
X41-augustus_masked-3-ALIPLA_SA	3	brown
X43-snap_masked-3-ALIPLA_SA	3	brown
X1704-snap_masked-CPD_4-13463	0	grey
X37-augustus_masked-2-CGIPLA_MA	3	brown
X876-augustus_masked-YCC-11519	3	brown
YOR382W	1	turquoise
YHR054W-A	0	grey
YOR383C	0	grey
X875-augustus_masked-YCC-11519	0	grey
X36-augustus_masked-2-CGIPLA_MA	3	brown
X13-EC1118_1N26_0012g	0	grey
X1446-maker-CDM_4-7429	3	brown
X47-RTM1-R-14851-	2	blue
YIR042C	0	grey
X15-EC1118_1N26_0034g	0	grey
X144-augustus_masked-182-ABQ_6	0	grey
X14-EC1118_1N26_0023g	0	grey
X17-EC1118_1N26_0056g	0	grey
YAR070C	0	grey
X20-EC1118_1O4_6502g_NumOfGenes_2	0	grey
YPL187W	0	grey
X252-augustus_masked-516-ADN_4	3	brown
YNR074C	0	grey
X23-EC1118_1O4_6546g	0	grey
X1532-maker-CCR_1-6225	0	grey
YIL082W	0	grey
YIR019C	0	grey
X16-EC1118_1N26_0045g	0	grey
X649-snap_masked-5079-CKG_4	0	grey
X932-augustus_masked-BAP_7-7168	3	brown
YOL155W-A	0	grey
YGR234W	0	grey
X26-EC1118_1O4_6579g	0	grey
YBR299W	2	blue
X1033-augustus_masked-BCH_5-11150	0	grey
X28-EC1118_1O4_6623g	0	grey
YNR075C-A	0	grey
YGR292W	2	blue
YOL159C-A	0	grey
YNL145W	0	grey
X172-augustus_masked-253-BFM_3	2	blue
YHR214W-A	0	grey
YAR068W	0	grey
YNR075W	0	grey
X1032-augustus_masked-BCH_5-11150	0	grey
X209-augustus_masked-310-ALB_3	0	grey
X77-augustus_masked-11963-BDM_5	0	grey
X19-EC1118_1O4_6491g	0	grey
X1284-augustus_masked-APC_4-8186	0	grey
YOR385W	0	grey
X160-augustus_masked-223-BFM_3	3	brown
YLR156C-A	1	turquoise
YLR159C-A	1	turquoise
YOL158C	0	grey
YGL255W	1	turquoise
X906-augustus_masked-BIL_3-4712	0	grey
X930-augustus_masked-ADV_4-6333	0	grey
YBR301W	0	grey
YFL020C	0	grey
YOL159C	0	grey
YFL056C	0	grey
X27-EC1118_1O4_6612g	0	grey
YER138W-A	3	brown
X457-maker-208-BFM_3	0	grey
YDR461W	0	grey
YOR010C	1	turquoise
YHL047C	0	grey
X517-maker-6533-ADE_2	0	grey
YMR046W-A	3	brown
X1248-augustus_masked-CCR_1-6225	0	grey
YAR027W	3	brown
YAR029W	0	grey
YEL073C	0	grey
X426-maker-115-YCE	0	grey
X143-augustus_masked-175-YCE	0	grey
YOR009W	1	turquoise
X904-augustus_masked-BIL_3-4712	0	grey
YBL107W-A	3	brown
YBL108C-A	0	grey
X470-maker-253-BFM_3	2	blue
YJR155W	1	turquoise
X1525-maker-CQS_4-6365	0	grey
YAR020C	0	grey
X251-augustus_masked-515-ADN_4	0	grey
YLR411W	1	turquoise
X1212-augustus_masked-BCG_8-12612	2	blue
YGL258W	1	turquoise
YGL032C	0	grey
YGR288W	0	grey
YJR005C-A	0	grey
X1107-augustus_masked-AFA_4-7928	0	grey
YNL333W	1	turquoise
YGL053W	0	grey
YHR216W	3	brown
YOL154W	1	turquoise
YLL025W	0	grey
X1166-augustus_masked-CLL_4-5918	0	grey
YEL070W	0	grey
YEL049W	0	grey
YNR073C	0	grey
YDL247W-A	0	grey
YER188W	0	grey
YLR042C	1	turquoise
YMR325W	0	grey
X1074-augustus_masked-BMV_2-11488	0	grey
YFL014W	1	turquoise
X850-augustus_masked-YDE-5670	0	grey
YER187W	3	brown
YFL054C	0	grey
YJL213W	2	blue
YGR144W	1	turquoise
YGL262W	0	grey
YFL059W	1	turquoise
YJR150C	0	grey
YCR102W-A	3	brown
YCR104W	0	grey
YCR105W	0	grey
YGR294W	0	grey
YAL065C	0	grey
YBL016W	0	grey
YFL057C	0	grey
YPL092W	0	grey
YKR039W	1	turquoise
YNR071C	1	turquoise
YOL052C-A	0	grey
YCR106W	0	grey
X1526-maker-CQS_4-6365	0	grey
X24-EC1118_1O4_6557g	0	grey
YLR134W	0	grey
YAR028W	0	grey
YGR289C	0	grey
YMR175W	0	grey
YFR026C	0	grey
X350-augustus_masked-779-BSG_4	0	grey
YGL263W	0	grey
YPR002C-A	0	grey
YAR030C	0	grey
YOR384W	0	grey
YLR162W	0	grey
YOR203W	1	turquoise
X1767-snap_masked-BCA_3-8244	3	brown
YOR394W	0	grey
YOL161C	0	grey
YLR004C	1	turquoise
YMR175W-A	0	grey
YJL222W-B	0	grey
YGR122C-A	0	grey
YBL043W	1	turquoise
YGL256W	1	turquoise
X1507-maker-APS_4-8484	0	grey
X1230-augustus_masked-ANA_5-7847	2	blue
YGR044C	0	grey
YER011W	0	grey
YDR034C-A	0	grey
YPL282C	0	grey
YFL026W	0	grey
X1296-augustus_masked-YCB-8071	0	grey
YDL037C	1	turquoise
YCR098C	0	grey
YOR386W	0	grey
YKL217W	0	grey
X1442-maker-CDK_4-10433	3	brown
YMR303C	0	grey
YPL257W	0	grey
YOR192C-C	0	grey
YBR092C	1	turquoise
YAR035C-A	1	turquoise
X577-snap_masked-1450-AAT_3	0	grey
YMR169C	0	grey
X25-EC1118_1O4_6568g	0	grey
YIL162W	0	grey
YHR094C	1	turquoise
YOR387C	1	turquoise
YMR120C	1	turquoise
YJR154W	1	turquoise
YOR348C	1	turquoise
YNL142W	1	turquoise
YFL060C	1	turquoise
YEL069C	1	turquoise
YKL096W	1	turquoise
X1663-snap_masked-CMG_6-37743	0	grey
YFL058W	3	brown
YLL053C	0	grey
X30-EC1118_1O4_6645g	0	grey
YHR005C	0	grey
YNR072W	1	turquoise
X1583-snap_masked-ABB_5-4847	2	blue
YAR075W	0	grey
YJR153W	0	grey
YPR192W	0	grey
YBR018C	0	grey
YLR237W	1	turquoise
YFL052W	0	grey
YGR088W	0	grey
X1680-snap_masked-APS_4-8484	0	grey
YPR194C	1	turquoise
YMR096W	1	turquoise
YAR035W	1	turquoise
YIL169C	0	grey
YBR072W	0	grey
YLR081W	0	grey
YJR047C	1	turquoise
YDL223C	0	grey
YNL334C	1	turquoise
YLL052C	0	grey
YNL332W	1	turquoise
YFL053W	0	grey
YBR072C-A	0	grey
YDL039C	1	turquoise
YJR156C	1	turquoise
YBR117C	0	grey
YHR052W-A	0	grey
YAL063C	0	grey
YLL064C	0	grey
YGR154C	0	grey
YKL162C-A	0	grey
YLR058C	1	turquoise
YNR056C	1	turquoise
YNR076W	0	grey
YBR200W-A	1	turquoise
X1677-snap_masked-AFA_4-7928	0	grey
X31-EC1118_1O4_6656g	0	grey
X21-EC1118_1O4_6524g	0	grey
YER103W	0	grey
YMR107W	0	grey
YNR058W	1	turquoise
YDR070C	0	grey
YAR050W	0	grey
YPL272C	0	grey
YEL065W	1	turquoise
YIR027C	2	blue
YFL051C	0	grey
YFL067W	2	blue
YFL065C	2	blue
YIL057C	0	grey
YOR237W	0	grey
YIL029C	2	blue
YDR119W-A	0	grey
YIL117C	1	turquoise
YHL046C	0	grey
YCR097W	0	grey
X1283-augustus_masked-BDM_5-23139	0	grey
YML054C	0	grey
YKL178C	0	grey
YOR028C	0	grey
YCR107W	0	grey
YGL258W-A	0	grey
YDL244W	1	turquoise
YDR343C	0	grey
YMR323W	0	grey
YOR381W-A	0	grey
YOL165C	0	grey
YPR159C-A	0	grey
YAR066W	0	grey
YLR037C	0	grey
YOR100C	1	turquoise
YAR069C	0	grey
YNR060W	1	turquoise
YMR319C	1	turquoise
YFR055W	1	turquoise
YCL026C-A	0	grey
YER053C-A	0	grey
YLR461W	0	grey
YOR391C	0	grey
YCR021C	0	grey
YGL261C	0	grey
YLL063C	0	grey
YHR211W	0	grey
YPL281C	0	grey
YKR104W	0	grey
YDR542W	0	grey
YHL048W	3	brown
YGR067C	1	turquoise
YDR342C	0	grey
YBR103C-A	0	grey
YLR307C-A	0	grey
YOL155C	1	turquoise
YMR322C	0	grey
YDR492W	1	turquoise
YOR393W	0	grey
X598-snap_masked-277-BFM_3	0	grey
YIL011W	0	grey
YML058W-A	0	grey
YDL204W	0	grey
YBR056W-A	0	grey
YHR214W	0	grey
YPL223C	1	turquoise
YGL088W	1	turquoise
YBR240C	1	turquoise
YGR035C	0	grey
X22-EC1118_1O4_6535g	0	grey
X29-EC1118_1O4_6634g	0	grey
X1477-maker-CGH_5-16559	2	blue
YKL096C-B	0	grey
YGL184C	1	turquoise
YFL068W	2	blue
YHR033W	0	grey
YAR073W	3	brown
YAL061W	0	grey
YAL067C	0	grey
YBR116C	0	grey
YFL055W	0	grey
YDR039C	0	grey
YBR067C	1	turquoise
YHR022C-A	0	grey
YGR142W	0	grey
YBL112C	2	blue
X622-snap_masked-3685-BTA_5	0	grey
YMR189W	1	turquoise
YEL039C	0	grey
YHR096C	1	turquoise
YDL243C	0	grey
YPR151C	1	turquoise
YIL015W	0	grey
YIL177C	2	blue
YPR193C	1	turquoise
YMR058W	1	turquoise
YAL068C	0	grey
YOL014W	0	grey
YFR053C	0	grey
YDR040C	0	grey
YDR019C	1	turquoise
YNR057C	1	turquoise
YJL153C	0	grey
YPL280W	0	grey
YJL225C	2	blue
YOR212W	0	grey
YFL061W	0	grey
YDL222C	0	grey
YGR287C	2	blue
YLR040C	0	grey
X1460-maker-AMA_5-10173	0	grey
YLR406C-A	0	grey
X1695-snap_masked-YAN-14482	0	grey
YDR491C	1	turquoise
X1538-maker-YCY-8051	0	grey
YNL335W	0	grey
X908-augustus_masked-ABL_5-5136	0	grey
YCR099C	0	grey
YJL222W	3	brown
YCR018C-A	2	blue
YOL101C	1	turquoise
YDL159W-A	0	grey
YNL146C-A	0	grey
YDR038C	0	grey
YNL195C	0	grey
X494-maker-370-YDJ	0	grey
YBL071C-B	0	grey
YHR214C-E	3	brown
YJR115W	0	grey
YAR031W	0	grey
YBR298C	2	blue
YGR248W	0	grey
YIL119C	0	grey
YHR218W-A	2	blue
YKR097W	0	grey
YPL171C	0	grey
YHR032C-A	0	grey
YPR203W	2	blue
X127-augustus_masked-1689-AIE_1	0	grey
YPL230W	0	grey
YHR092C	0	grey
YER067C-A	0	grey
YGL006W-A	0	grey
YHR213W-A	0	grey
YPL250C	1	turquoise
YFR012W-A	0	grey
YBR020W	0	grey
YKL220C	1	turquoise
YJR086W	0	grey
YDR524C-A	0	grey
YPR200C	2	blue
X833-augustus_masked-CCH_4-6793	0	grey
YCR013C	1	turquoise
YIL060W	0	grey
YEL071W	0	grey
YJR095W	0	grey
X1751-snap_masked-BSL_4-12345	0	grey
YLR142W	0	grey
YOL050C	3	brown
YGR064W	1	turquoise
YCR102C	3	brown
YKL187C	1	turquoise
YER078W-A	0	grey
X654-snap_masked-5487-AQA_4	0	grey
YKL163W	0	grey
YPL152W-A	0	grey
YHL040C	1	turquoise
YGR256W	0	grey
YGR065C	1	turquoise
YHR213W	0	grey
YBR019C	0	grey
YGR201C	0	grey
YHL044W	0	grey
YDL241W	0	grey
YPR123C	0	grey
YMR145C	1	turquoise
YHR086W-A	0	grey
YMR242W-A	0	grey
YLR303W	0	grey
YGR043C	1	turquoise
YPR160W	0	grey
YER185W	0	grey
YAR033W	0	grey
YER150W	0	grey
YDR540C	0	grey
YIL173W	3	brown
YKL106C-A	0	grey
YKR103W	0	grey
YJL052C-A	0	grey
YJL223C	0	grey
YGR236C	0	grey
YHR213W-B	0	grey
YCR020C	1	turquoise
YMR081C	1	turquoise
YOR374W	0	grey
YJL079C	1	turquoise
YOL055C	1	turquoise
YCR101C	0	grey
YHR219W	2	blue
YIL176C	0	grey
YOL157C	0	grey
YNL194C	0	grey
YDR133C	1	turquoise
YOL084W	0	grey
YAL037C-B	1	turquoise
YDR340W	0	grey
YPR201W	2	blue
YBR054W	0	grey
YMR170C	0	grey
YOL152W	0	grey
YBR187W	0	grey
YFL066C	2	blue
YHL046W-A	0	grey
YLL062C	0	grey
YBR093C	0	grey
YDL182W	1	turquoise
YOR161C-C	0	grey
YLR460C	3	brown
YFR010W-A	0	grey
YOL013W-A	1	turquoise
YNL112W	1	turquoise
YGL051W	0	grey
YPR124W	1	turquoise
YLL026W	0	grey
YJR158W	0	grey
YOR173W	0	grey
YHR139C	0	grey
YDL245C	0	grey
YJL216C	0	grey
YKR080W	1	turquoise
YBR147W	1	turquoise
YOR302W	1	turquoise
YPR204W	2	blue
YCL065W	0	grey
X1468-maker-BDG_5-19334	0	grey
YJR010W	0	grey
YGR249W	1	turquoise
YER054C	0	grey
YMR206W	0	grey
YLL066C	2	blue
YDR320W-B	0	grey
YCR100C	0	grey
YLR136C	1	turquoise
YAR064W	0	grey
YJR151C	0	grey
YMR105C	0	grey
YLR149C-A	0	grey
YDL085W	1	turquoise
YGR052W	0	grey
YCL048W-A	0	grey
YKR075C	0	grey
YOR011W-A	0	grey
YNL117W	1	turquoise
YGL193C	0	grey
YAR015W	1	turquoise
X690-snap_masked-963-AFD_4	0	grey
YML066C	3	brown
X1126-augustus_masked-APS_4-8484	0	grey
YFR052C-A	0	grey
YPR108W-A	1	turquoise
YHR215W	0	grey
YEL077C	2	blue
YJR159W	0	grey
YMR247W-A	0	grey
YBL113C	2	blue
YMR011W	0	grey
YOR178C	1	turquoise
YLR265C	0	grey
YBR145W	0	grey
X18-EC1118_1O4_6480g	0	grey
YLL067C	2	blue
YAR071W	0	grey
YFL064C	2	blue
YGL117W	1	turquoise
YGR286C	1	turquoise
