sid_index	SNP	Chr	GenDist	ChrPos	PValue	SnpWeight	SnpWeightSE	EffectSize	SnpFractVarExpl	Mixing	Nullh2	Pheno	PhenoCount	gene_id	molecular_trait	gene_chr	gene_start	gene_end	locus_class	source_cohort	source_matrix	workflow	software	analysis_scope
1214	rs_chromosome11_113405	11.0		113405.0	1.0151865826203628e-06	0.2938434250781314	0.0592825516710545	0.023838783636007	0.2268147346097878	0	0.4095341394142449	YAL003W.Prot	101	YAL003W	protein	1	142174	143160	trans	PXD044523_companion_Zenodo_10567083	author_processed_GWAS_results	processed_pQTL_cis_trans_classification_v1	pandas_2.3.3	postprocess_governed_author_GWAS_not_de_novo_refit
4268	rs_chromosome8_497870	8.0		497870.0	3.3400556371391467e-06	-0.2281772647251875	0.0484724108376211	0.0107932962204765	0.2159524546614747	0	0.4102395467854867	YAL003W.Prot	101	YAL003W	protein	1	142174	143160	trans	PXD044523_companion_Zenodo_10567083	author_processed_GWAS_results	processed_pQTL_cis_trans_classification_v1	pandas_2.3.3	postprocess_governed_author_GWAS_not_de_novo_refit
2042	rs_chromosome12_224232	12.0		224232.0	3.6893119806921096e-06	0.3080360916788633	0.0657347271482068	0.045127326409317	0.2150199011268318	0	0.2748582009260515	YBL047C.Prot	101	YBL047C	protein	2	127895	132040	trans	PXD044523_companion_Zenodo_10567083	author_processed_GWAS_results	processed_pQTL_cis_trans_classification_v1	pandas_2.3.3	postprocess_governed_author_GWAS_not_de_novo_refit
2044	rs_chromosome12_224239	12.0		224239.0	4.896848937281442e-06	0.312154493941444	0.0674941301753021	0.0610612190869644	0.2123420009205133	0	0.2748582009260515	YBL047C.Prot	101	YBL047C	protein	2	127895	132040	trans	PXD044523_companion_Zenodo_10567083	author_processed_GWAS_results	processed_pQTL_cis_trans_classification_v1	pandas_2.3.3	postprocess_governed_author_GWAS_not_de_novo_refit
5736	rs_chromosome15_617402	15.0		617402.0	5.028501964928572e-06	-0.2441624795431486	0.0528587396024477	0.0200342757852226	0.2120893333519507	0	0.2813640552468175	YBL047C.Prot	101	YBL047C	protein	2	127895	132040	trans	PXD044523_companion_Zenodo_10567083	author_processed_GWAS_results	processed_pQTL_cis_trans_classification_v1	pandas_2.3.3	postprocess_governed_author_GWAS_not_de_novo_refit
2314	rs_chromosome3_233678	3.0		233678.0	1.628527299058622e-06	-0.3860163598970927	0.0794435637319167	0.1361167271196622	0.2225694064786723	0	0.1991394941708304	YBR127C.Prot	101	YBR127C	protein	2	491269	492822	trans	PXD044523_companion_Zenodo_10567083	author_processed_GWAS_results	processed_pQTL_cis_trans_classification_v1	pandas_2.3.3	postprocess_governed_author_GWAS_not_de_novo_refit
4512	rs_chromosome13_574079	13.0		574079.0	2.763634471303218e-06	0.3430593801319773	0.0722573191993075	0.0926384078354275	0.2177175454148387	0	0.2150398399821868	YBR127C.Prot	101	YBR127C	protein	2	491269	492822	trans	PXD044523_companion_Zenodo_10567083	author_processed_GWAS_results	processed_pQTL_cis_trans_classification_v1	pandas_2.3.3	postprocess_governed_author_GWAS_not_de_novo_refit
180	rs_chromosome1_42413	1.0		42413.0	2.884414567074023e-06	-0.261915294756019	0.0552721031031009	0.025347553564955	0.21732027166654	0	0.2142472596360525	YBR127C.Prot	101	YBR127C	protein	2	491269	492822	trans	PXD044523_companion_Zenodo_10567083	author_processed_GWAS_results	processed_pQTL_cis_trans_classification_v1	pandas_2.3.3	postprocess_governed_author_GWAS_not_de_novo_refit
5452	rs_chromosome15_579028	15.0		579028.0	3.3835487817612625e-06	-0.3651043098351795	0.0776058911758595	0.0239940505001298	0.21583137251826	0	0.6017262048610866	YCL018W.Prot	101	YCL018W	protein	3	91324	92418	trans	PXD044523_companion_Zenodo_10567083	author_processed_GWAS_results	processed_pQTL_cis_trans_classification_v1	pandas_2.3.3	postprocess_governed_author_GWAS_not_de_novo_refit
3613	rs_chromosome9_425822	9.0		425822.0	2.667917506363438e-06	-0.2391297372408075	0.0502877545396868	0.0307467707602452	0.2180443576229556	0	0.1017363832950842	YCL059C.Prot	101	YCL059C	protein	3	22429	23379	trans	PXD044523_companion_Zenodo_10567083	author_processed_GWAS_results	processed_pQTL_cis_trans_classification_v1	pandas_2.3.3	postprocess_governed_author_GWAS_not_de_novo_refit
601	rs_chromosome2_93441	2.0		93441.0	2.9293657292593483e-06	0.229960996028035	0.0485624986574279	0.0114449623474884	0.2171764679686033	0	0.1095895486239489	YCL059C.Prot	101	YCL059C	protein	3	22429	23379	trans	PXD044523_companion_Zenodo_10567083	author_processed_GWAS_results	processed_pQTL_cis_trans_classification_v1	pandas_2.3.3	postprocess_governed_author_GWAS_not_de_novo_refit
638	rs_chromosome7_66795	7.0		66795.0	7.618979990423331e-06	0.2259133866598768	0.0498914265345123	0.0170488079616994	0.2080915087746291	0	0.1081681388814634	YCL059C.Prot	101	YCL059C	protein	3	22429	23379	trans	PXD044523_companion_Zenodo_10567083	author_processed_GWAS_results	processed_pQTL_cis_trans_classification_v1	pandas_2.3.3	postprocess_governed_author_GWAS_not_de_novo_refit
607	rs_chromosome2_93721	2.0		93721.0	7.979940098368265e-06	0.2195051654758052	0.0485860614537573	0.0107961020844993	0.2076413471989599	0	0.1095895486239489	YCL059C.Prot	101	YCL059C	protein	3	22429	23379	trans	PXD044523_companion_Zenodo_10567083	author_processed_GWAS_results	processed_pQTL_cis_trans_classification_v1	pandas_2.3.3	postprocess_governed_author_GWAS_not_de_novo_refit
5736	rs_chromosome15_617402	15.0		617402.0	8.02884882777756e-06	0.2255657406967613	0.0499424857133315	0.0177735829998283	0.2075818506334877	0	0.0942000623714948	YCL059C.Prot	101	YCL059C	protein	3	22429	23379	trans	PXD044523_companion_Zenodo_10567083	author_processed_GWAS_results	processed_pQTL_cis_trans_classification_v1	pandas_2.3.3	postprocess_governed_author_GWAS_not_de_novo_refit
625	rs_chromosome12_78868	12.0		78868.0	8.05328142433585e-07	0.4128438009249863	0.082503837581662	0.0709700159009381	0.2288652149343141	0	0.850774676494116	YDL022W.Prot	101	YDL022W	protein	4	411825	413000	trans	PXD044523_companion_Zenodo_10567083	author_processed_GWAS_results	processed_pQTL_cis_trans_classification_v1	pandas_2.3.3	postprocess_governed_author_GWAS_not_de_novo_refit
278	rs_chromosome5_56063	5.0		56063.0	4.034369780532305e-06	0.215578386253443	0.0461938927526911	0.0148425828248554	0.2141779842205445	0	0.5696727985932192	YDL130W.Prot	101	YDL130W	protein	4	229906	230527	trans	PXD044523_companion_Zenodo_10567083	author_processed_GWAS_results	processed_pQTL_cis_trans_classification_v1	pandas_2.3.3	postprocess_governed_author_GWAS_not_de_novo_refit
1231	rs_chromosome16_138102	16.0		138102.0	1.6308510670322431e-06	-0.4327930511817494	0.0890758226909348	0.0587346759994707	0.2225564713697442	0	0.5381675488228851	YDL181W.Prot	101	YDL181W	protein	4	135179	135436	trans	PXD044523_companion_Zenodo_10567083	author_processed_GWAS_results	processed_pQTL_cis_trans_classification_v1	pandas_2.3.3	postprocess_governed_author_GWAS_not_de_novo_refit
6820	rs_chromosome12_803022	12.0		803022.0	1.7692832235821176e-06	-0.4355951151458797	0.0899673399332119	0.1198507077516297	0.2218160986549586	0	0.4286055133785307	YDR064W.Prot	101	YDR064W	protein	4	579458	580452	trans	PXD044523_companion_Zenodo_10567083	author_processed_GWAS_results	processed_pQTL_cis_trans_classification_v1	pandas_2.3.3	postprocess_governed_author_GWAS_not_de_novo_refit
6815	rs_chromosome12_802510	12.0		802510.0	2.1689168261629606e-06	-0.4346690770832005	0.0905751741021747	0.1173948699437856	0.2199542106003528	0	0.4286055133785307	YDR064W.Prot	101	YDR064W	protein	4	579458	580452	trans	PXD044523_companion_Zenodo_10567083	author_processed_GWAS_results	processed_pQTL_cis_trans_classification_v1	pandas_2.3.3	postprocess_governed_author_GWAS_not_de_novo_refit
6833	rs_chromosome12_803775	12.0		803775.0	2.3318951395419684e-06	-0.4088201535383716	0.0854608333385596	0.109961040622671	0.2192878957887431	0	0.4286055133785307	YDR064W.Prot	101	YDR064W	protein	4	579458	580452	trans	PXD044523_companion_Zenodo_10567083	author_processed_GWAS_results	processed_pQTL_cis_trans_classification_v1	pandas_2.3.3	postprocess_governed_author_GWAS_not_de_novo_refit
6845	rs_chromosome12_804978	12.0		804978.0	3.026193282229899e-06	-0.4194403304380755	0.0887059530310912	0.1075727181285048	0.2168737418188138	0	0.4286055133785307	YDR064W.Prot	101	YDR064W	protein	4	579458	580452	trans	PXD044523_companion_Zenodo_10567083	author_processed_GWAS_results	processed_pQTL_cis_trans_classification_v1	pandas_2.3.3	postprocess_governed_author_GWAS_not_de_novo_refit
3803	rs_chromosome12_407581	12.0		407581.0	1.648912686909927e-07	-0.2964920640122863	0.0557493950679507	0.0180588019643826	0.242422014148177	0	0.6060753761669861	YDR158W.Prot	101	YDR158W	protein	4	770357	771454	trans	PXD044523_companion_Zenodo_10567083	author_processed_GWAS_results	processed_pQTL_cis_trans_classification_v1	pandas_2.3.3	postprocess_governed_author_GWAS_not_de_novo_refit
4623	rs_chromosome16_560903	16.0		560903.0	7.89186068469448e-07	0.283688653718853	0.0566465257371698	0.0540427799877939	0.2290435896550829	0	0.1310675635721546	YDR293C.Prot	101	YDR293C	protein	4	1045640	1049392	trans	PXD044523_companion_Zenodo_10567083	author_processed_GWAS_results	processed_pQTL_cis_trans_classification_v1	pandas_2.3.3	postprocess_governed_author_GWAS_not_de_novo_refit
8184	rs_chromosome7_943177	7.0		943177.0	7.063223703317062e-07	0.2221140412303643	0.0441530316964436	0.0099557087241717	0.2300182912909492	0	0.5152130342082375	YDR513W.Prot	101	YDR513W	protein	4	1471017	1471448	trans	PXD044523_companion_Zenodo_10567083	author_processed_GWAS_results	processed_pQTL_cis_trans_classification_v1	pandas_2.3.3	postprocess_governed_author_GWAS_not_de_novo_refit
5594	rs_chromosome10_660475	10.0		660475.0	3.501793095982053e-07	0.2303685730972245	0.0445502872707482	0.0126311628325713	0.236085983018693	0	0.4858237586624369	YER023W.Prot	101	YER023W	protein	5	201076	201936	trans	PXD044523_companion_Zenodo_10567083	author_processed_GWAS_results	processed_pQTL_cis_trans_classification_v1	pandas_2.3.3	postprocess_governed_author_GWAS_not_de_novo_refit
8568	rs_chromosome7_986691	7.0		986691.0	2.510486549077085e-07	0.417172547765488	0.0796663433646319	0.1734144756996314	0.2389075598654378	0	0.2655403085651674	YER070W.Prot	101	YER070W	protein	5	298950	301616	trans	PXD044523_companion_Zenodo_10567083	author_processed_GWAS_results	processed_pQTL_cis_trans_classification_v1	pandas_2.3.3	postprocess_governed_author_GWAS_not_de_novo_refit
8564	rs_chromosome7_986418	7.0		986418.0	6.403006085453342e-07	0.4212584198092821	0.0834111447031028	0.1776438346686044	0.2308769844416573	0	0.2655403085651674	YER070W.Prot	101	YER070W	protein	5	298950	301616	trans	PXD044523_companion_Zenodo_10567083	author_processed_GWAS_results	processed_pQTL_cis_trans_classification_v1	pandas_2.3.3	postprocess_governed_author_GWAS_not_de_novo_refit
8570	rs_chromosome7_986783	7.0		986783.0	8.102476582167972e-07	0.3857154270240167	0.0771015122043037	0.1410724208225918	0.2288115349006165	0	0.2655403085651674	YER070W.Prot	101	YER070W	protein	5	298950	301616	trans	PXD044523_companion_Zenodo_10567083	author_processed_GWAS_results	processed_pQTL_cis_trans_classification_v1	pandas_2.3.3	postprocess_governed_author_GWAS_not_de_novo_refit
8575	rs_chromosome7_986990	7.0		986990.0	1.784536484521301e-06	0.3740863024573256	0.0772920189623253	0.1329085750648721	0.2217379424710142	0	0.2655403085651674	YER070W.Prot	101	YER070W	protein	5	298950	301616	trans	PXD044523_companion_Zenodo_10567083	author_processed_GWAS_results	processed_pQTL_cis_trans_classification_v1	pandas_2.3.3	postprocess_governed_author_GWAS_not_de_novo_refit
8578	rs_chromosome7_987084	7.0		987084.0	2.3492398533993027e-06	0.3973766301316411	0.0830958243815939	0.1592215304895535	0.2192196283257254	0	0.2655403085651674	YER070W.Prot	101	YER070W	protein	5	298950	301616	trans	PXD044523_companion_Zenodo_10567083	author_processed_GWAS_results	processed_pQTL_cis_trans_classification_v1	pandas_2.3.3	postprocess_governed_author_GWAS_not_de_novo_refit
8580	rs_chromosome7_987134	7.0		987134.0	2.3492398533993027e-06	0.3973766301316411	0.0830958243815939	0.1592215304895535	0.2192196283257254	0	0.2655403085651674	YER070W.Prot	101	YER070W	protein	5	298950	301616	trans	PXD044523_companion_Zenodo_10567083	author_processed_GWAS_results	processed_pQTL_cis_trans_classification_v1	pandas_2.3.3	postprocess_governed_author_GWAS_not_de_novo_refit
8573	rs_chromosome7_986910	7.0		986910.0	2.447244306970534e-06	0.3704045412110235	0.0775957910899228	0.1304550370790861	0.218842724095314	0	0.2655403085651674	YER070W.Prot	101	YER070W	protein	5	298950	301616	trans	PXD044523_companion_Zenodo_10567083	author_processed_GWAS_results	processed_pQTL_cis_trans_classification_v1	pandas_2.3.3	postprocess_governed_author_GWAS_not_de_novo_refit
8574	rs_chromosome7_986969	7.0		986969.0	2.662935918707395e-06	0.3958119591445793	0.0832302813169061	0.1574916210781755	0.218061672079059	0	0.2655403085651674	YER070W.Prot	101	YER070W	protein	5	298950	301616	trans	PXD044523_companion_Zenodo_10567083	author_processed_GWAS_results	processed_pQTL_cis_trans_classification_v1	pandas_2.3.3	postprocess_governed_author_GWAS_not_de_novo_refit
8571	rs_chromosome7_986821	7.0		986821.0	3.0058887892033237e-06	0.3776932196104937	0.0798527758547307	0.1370770068143641	0.2169364475347889	0	0.2655403085651674	YER070W.Prot	101	YER070W	protein	5	298950	301616	trans	PXD044523_companion_Zenodo_10567083	author_processed_GWAS_results	processed_pQTL_cis_trans_classification_v1	pandas_2.3.3	postprocess_governed_author_GWAS_not_de_novo_refit
8591	rs_chromosome7_987872	7.0		987872.0	4.044234895863149e-06	0.3890870152078676	0.0833825283646954	0.1510731708819011	0.2141549395811748	0	0.2655403085651674	YER070W.Prot	101	YER070W	protein	5	298950	301616	trans	PXD044523_companion_Zenodo_10567083	author_processed_GWAS_results	processed_pQTL_cis_trans_classification_v1	pandas_2.3.3	postprocess_governed_author_GWAS_not_de_novo_refit
5116	rs_chromosome10_609498	10.0		609498.0	6.60890246267736e-06	-0.3852744549180256	0.0845004685977924	0.1404450379015775	0.2094685665960071	0	0.2615368532235163	YER110C.Prot	101	YER110C	protein	5	378762	382103	trans	PXD044523_companion_Zenodo_10567083	author_processed_GWAS_results	processed_pQTL_cis_trans_classification_v1	pandas_2.3.3	postprocess_governed_author_GWAS_not_de_novo_refit
295	rs_chromosome8_35255	8.0		35255.0	2.3611788702329325e-06	-0.4291030803072869	0.0897502632160333	0.0479130868062703	0.2191729169679744	0	0.3915441746750734	YGL103W.Prot	101	YGL103W	protein	7	310967	311927	trans	PXD044523_companion_Zenodo_10567083	author_processed_GWAS_results	processed_pQTL_cis_trans_classification_v1	pandas_2.3.3	postprocess_governed_author_GWAS_not_de_novo_refit
5009	rs_chromosome10_605976	10.0		605976.0	9.080655854696906e-06	0.2049218663672823	0.0456479319658216	0.0081146683466416	0.2063794780457312	0	0.0754174193535989	YGL245W.Prot	101	YGL245W	protein	7	39023	41149	trans	PXD044523_companion_Zenodo_10567083	author_processed_GWAS_results	processed_pQTL_cis_trans_classification_v1	pandas_2.3.3	postprocess_governed_author_GWAS_not_de_novo_refit
2333	rs_chromosome5_283424	5.0		283424.0	4.084751577113403e-06	-0.2351223553860082	0.0504106454986865	0.00968017837761	0.2140608534243254	0	0.1371990419994142	YGR103W.Prot	101	YGR103W	protein	7	695417	697234	trans	PXD044523_companion_Zenodo_10567083	author_processed_GWAS_results	processed_pQTL_cis_trans_classification_v1	pandas_2.3.3	postprocess_governed_author_GWAS_not_de_novo_refit
1131	rs_chromosome8_114771	8.0		114771.0	4.89194865173196e-06	0.3445690356255644	0.0744993100792055	0.1060809632120154	0.212351530180543	0	0.1338045289186734	YGR103W.Prot	101	YGR103W	protein	7	695417	697234	trans	PXD044523_companion_Zenodo_10567083	author_processed_GWAS_results	processed_pQTL_cis_trans_classification_v1	pandas_2.3.3	postprocess_governed_author_GWAS_not_de_novo_refit
5948	rs_chromosome7_698505	7.0		698505.0	6.204109697764145e-06	0.3310523278646998	0.072388001669112	0.0280102963589578	0.2100776164696616	0	0.8286083478673429	YGR175C.Prot	101	YGR175C	protein	7	846933	848423	trans	PXD044523_companion_Zenodo_10567083	author_processed_GWAS_results	processed_pQTL_cis_trans_classification_v1	pandas_2.3.3	postprocess_governed_author_GWAS_not_de_novo_refit
4081	rs_chromosome15_427400	15.0		427400.0	8.862355926378573e-07	-0.2582387279394338	0.05180901306167	0.010175876419193	0.2280198788753694	0	0.6317259238165845	YGR208W.Prot	101	YGR208W	protein	7	911883	912812	trans	PXD044523_companion_Zenodo_10567083	author_processed_GWAS_results	processed_pQTL_cis_trans_classification_v1	pandas_2.3.3	postprocess_governed_author_GWAS_not_de_novo_refit
5725	rs_chromosome16_666095	16.0		666095.0	1.4601083245377483e-06	0.4068157972661193	0.0833348142622119	0.0518645116779005	0.2235574183811905	0	0.6274238757430549	YGR208W.Prot	101	YGR208W	protein	7	911883	912812	trans	PXD044523_companion_Zenodo_10567083	author_processed_GWAS_results	processed_pQTL_cis_trans_classification_v1	pandas_2.3.3	postprocess_governed_author_GWAS_not_de_novo_refit
6423	rs_chromosome16_755594	16.0		755594.0	2.7023618792016117e-06	-0.2534136069778162	0.0533221002372362	0.0175028672904221	0.2179254789905086	0	0.6274238757430549	YGR208W.Prot	101	YGR208W	protein	7	911883	912812	trans	PXD044523_companion_Zenodo_10567083	author_processed_GWAS_results	processed_pQTL_cis_trans_classification_v1	pandas_2.3.3	postprocess_governed_author_GWAS_not_de_novo_refit
9094	rs_chromosome7_1050159	7.0		1050159.0	2.6220680871394284e-08	-0.2922840644821741	0.0515978311297818	0.0630184833406	0.2571954427050515	0	0.5486019968971406	YGR279C.Prot	101	YGR279C	protein	7	1048798	1049958	cis	PXD044523_companion_Zenodo_10567083	author_processed_GWAS_results	processed_pQTL_cis_trans_classification_v1	pandas_2.3.3	postprocess_governed_author_GWAS_not_de_novo_refit
9095	rs_chromosome7_1050164	7.0		1050164.0	2.6220680871394284e-08	-0.2922840644821741	0.0515978311297818	0.0630184833406	0.2571954427050515	0	0.5486019968971406	YGR279C.Prot	101	YGR279C	protein	7	1048798	1049958	cis	PXD044523_companion_Zenodo_10567083	author_processed_GWAS_results	processed_pQTL_cis_trans_classification_v1	pandas_2.3.3	postprocess_governed_author_GWAS_not_de_novo_refit
312	rs_chromosome1_52733	1.0		52733.0	3.268164758441036e-08	-0.4764874481032959	0.0847226061630982	0.2217695132154578	0.2554740797418107	0	0.5534249253610568	YGR279C.Prot	101	YGR279C	protein	7	1048798	1049958	trans	PXD044523_companion_Zenodo_10567083	author_processed_GWAS_results	processed_pQTL_cis_trans_classification_v1	pandas_2.3.3	postprocess_governed_author_GWAS_not_de_novo_refit
3160	rs_chromosome4_386845	4.0		386845.0	3.32596336734355e-07	-0.2367188005686849	0.0456883344952637	0.0116208653283766	0.236525068749117	0	0.5541915094055105	YGR279C.Prot	101	YGR279C	protein	7	1048798	1049958	trans	PXD044523_companion_Zenodo_10567083	author_processed_GWAS_results	processed_pQTL_cis_trans_classification_v1	pandas_2.3.3	postprocess_governed_author_GWAS_not_de_novo_refit
2619	rs_chromosome13_335870	13.0		335870.0	1.554308101490996e-06	-0.3514568535603372	0.0721868219393961	0.1069256265841715	0.2229921288055946	0	0.1825057532670478	YHR039C-A.Prot	101	YHR039C-A	protein	8	187173	187679	trans	PXD044523_companion_Zenodo_10567083	author_processed_GWAS_results	processed_pQTL_cis_trans_classification_v1	pandas_2.3.3	postprocess_governed_author_GWAS_not_de_novo_refit
6996	rs_chromosome15_758119	15.0		758119.0	2.5752494913651764e-08	-0.3032316862684112	0.0534992077489095	0.0503441209064149	0.2573356927140472	0	0.7482869701112776	YHR128W.Prot	101	YHR128W	protein	8	362115	362765	trans	PXD044523_companion_Zenodo_10567083	author_processed_GWAS_results	processed_pQTL_cis_trans_classification_v1	pandas_2.3.3	postprocess_governed_author_GWAS_not_de_novo_refit
6680	rs_chromosome7_771068	7.0		771068.0	1.2890077501080176e-07	0.3891826885874841	0.0725309833072985	0.1394393663757987	0.2444558941682285	0	0.7449788878533816	YHR128W.Prot	101	YHR128W	protein	8	362115	362765	trans	PXD044523_companion_Zenodo_10567083	author_processed_GWAS_results	processed_pQTL_cis_trans_classification_v1	pandas_2.3.3	postprocess_governed_author_GWAS_not_de_novo_refit
6994	rs_chromosome15_757952	15.0		757952.0	5.55392254075834e-07	-0.2851032049050012	0.0561334397704142	0.0619718582288809	0.2321159354885885	0	0.7482869701112776	YHR128W.Prot	101	YHR128W	protein	8	362115	362765	trans	PXD044523_companion_Zenodo_10567083	author_processed_GWAS_results	processed_pQTL_cis_trans_classification_v1	pandas_2.3.3	postprocess_governed_author_GWAS_not_de_novo_refit
757	rs_chromosome14_87321	14.0		87321.0	1.0086367160134606e-06	0.4323764098169207	0.0872080742937638	0.1798363015172435	0.2268723084294086	0	0.7483818653112925	YHR128W.Prot	101	YHR128W	protein	8	362115	362765	trans	PXD044523_companion_Zenodo_10567083	author_processed_GWAS_results	processed_pQTL_cis_trans_classification_v1	pandas_2.3.3	postprocess_governed_author_GWAS_not_de_novo_refit
2445	rs_chromosome7_252721	7.0		252721.0	2.008464723506589e-06	0.1928443293574578	0.0400495411242492	0.008046983209916	0.2206587693086106	0	0.7449788878533816	YHR128W.Prot	101	YHR128W	protein	8	362115	362765	trans	PXD044523_companion_Zenodo_10567083	author_processed_GWAS_results	processed_pQTL_cis_trans_classification_v1	pandas_2.3.3	postprocess_governed_author_GWAS_not_de_novo_refit
1528	rs_chromosome16_171671	16.0		171671.0	7.797853250971571e-06	0.2440970614067883	0.0539683084367711	0.0452571583179542	0.2078659500008063	0	0.7527886920921244	YHR128W.Prot	101	YHR128W	protein	8	362115	362765	trans	PXD044523_companion_Zenodo_10567083	author_processed_GWAS_results	processed_pQTL_cis_trans_classification_v1	pandas_2.3.3	postprocess_governed_author_GWAS_not_de_novo_refit
1527	rs_chromosome16_171630	16.0		171630.0	7.797853250971571e-06	0.2440970614067883	0.0539683084367711	0.0452571583179542	0.2078659500008063	0	0.7527886920921244	YHR128W.Prot	101	YHR128W	protein	8	362115	362765	trans	PXD044523_companion_Zenodo_10567083	author_processed_GWAS_results	processed_pQTL_cis_trans_classification_v1	pandas_2.3.3	postprocess_governed_author_GWAS_not_de_novo_refit
3768	rs_chromosome9_432021	9.0		432021.0	4.3388729139811837e-10	0.2975013696710578	0.0466187609087255	0.0205274192506548	0.2872009513256266	0	0.7308434012599927	YIL053W.Prot	101	YIL053W	protein	9	255115	255867	trans	PXD044523_companion_Zenodo_10567083	author_processed_GWAS_results	processed_pQTL_cis_trans_classification_v1	pandas_2.3.3	postprocess_governed_author_GWAS_not_de_novo_refit
3769	rs_chromosome9_432028	9.0		432028.0	1.4829741969160074e-09	0.2867079044834456	0.0464395829286604	0.0197736490527646	0.2785861316901689	0	0.7308434012599927	YIL053W.Prot	101	YIL053W	protein	9	255115	255867	trans	PXD044523_companion_Zenodo_10567083	author_processed_GWAS_results	processed_pQTL_cis_trans_classification_v1	pandas_2.3.3	postprocess_governed_author_GWAS_not_de_novo_refit
1214	rs_chromosome11_113405	11.0		113405.0	1.3605905261990562e-06	0.320458710467198	0.0654486716483014	0.0260869935833348	0.2241939254702874	0	0.7313438017369802	YIL053W.Prot	101	YIL053W	protein	9	255115	255867	trans	PXD044523_companion_Zenodo_10567083	author_processed_GWAS_results	processed_pQTL_cis_trans_classification_v1	pandas_2.3.3	postprocess_governed_author_GWAS_not_de_novo_refit
353	rs_chromosome16_41286	16.0		41286.0	4.408365356832296e-06	0.2626131501040476	0.0565041288726949	0.0543855709206162	0.2133398523590446	0	0.6408610383548466	YIR034C.Prot	101	YIR034C	protein	9	419615	420736	trans	PXD044523_companion_Zenodo_10567083	author_processed_GWAS_results	processed_pQTL_cis_trans_classification_v1	pandas_2.3.3	postprocess_governed_author_GWAS_not_de_novo_refit
4140	rs_chromosome13_535934	13.0		535934.0	1.080885929600962e-07	0.2809668147416782	0.0520360862347099	0.0412295216889076	0.2458993812292398	0	0.3194152064680506	YJL111W.Prot	101	YJL111W	protein	10	207877	209529	trans	PXD044523_companion_Zenodo_10567083	author_processed_GWAS_results	processed_pQTL_cis_trans_classification_v1	pandas_2.3.3	postprocess_governed_author_GWAS_not_de_novo_refit
5726	rs_chromosome15_616835	15.0		616835.0	4.0690551242288e-07	0.3213325096390683	0.0625015097336478	0.022847950889583	0.2348014076281108	0	0.6909490765494917	YJR016C.Prot	101	YJR016C	protein	10	464451	466208	trans	PXD044523_companion_Zenodo_10567083	author_processed_GWAS_results	processed_pQTL_cis_trans_classification_v1	pandas_2.3.3	postprocess_governed_author_GWAS_not_de_novo_refit
5736	rs_chromosome15_617402	15.0		617402.0	8.200434837579434e-07	0.2725394213889278	0.0545051443847635	0.0274413601793778	0.2287055717107637	0	0.6909490765494917	YJR016C.Prot	101	YJR016C	protein	10	464451	466208	trans	PXD044523_companion_Zenodo_10567083	author_processed_GWAS_results	processed_pQTL_cis_trans_classification_v1	pandas_2.3.3	postprocess_governed_author_GWAS_not_de_novo_refit
5386	rs_chromosome11_561060	11.0		561060.0	2.9614712517774407e-06	0.4076641824711141	0.0861315578123678	0.0596231682766417	0.2170750449323792	0	0.690559936189334	YJR016C.Prot	101	YJR016C	protein	10	464451	466208	trans	PXD044523_companion_Zenodo_10567083	author_processed_GWAS_results	processed_pQTL_cis_trans_classification_v1	pandas_2.3.3	postprocess_governed_author_GWAS_not_de_novo_refit
5267	rs_chromosome10_623827	10.0		623827.0	1.1581393049541854e-06	-0.3955270281398616	0.0802351515635104	0.0654508466469344	0.2256396131162127	0	0.5393861897388487	YJR105W.Prot	101	YJR105W	protein	10	623581	624603	cis	PXD044523_companion_Zenodo_10567083	author_processed_GWAS_results	processed_pQTL_cis_trans_classification_v1	pandas_2.3.3	postprocess_governed_author_GWAS_not_de_novo_refit
4268	rs_chromosome5_536935	5.0		536935.0	5.389364902686839e-06	-0.2364394569396646	0.0513544608373391	0.0231206774440717	0.2114278402388833	0	0.3355275754185336	YKL081W.Prot	101	YKL081W	protein	11	282891	284455	trans	PXD044523_companion_Zenodo_10567083	author_processed_GWAS_results	processed_pQTL_cis_trans_classification_v1	pandas_2.3.3	postprocess_governed_author_GWAS_not_de_novo_refit
7434	rs_chromosome12_837401	12.0		837401.0	7.207138877952347e-10	0.3583362216815683	0.0569109026232305	0.0261701923566347	0.2836796054687622	0	0.1968819995786208	YKR001C.Prot	101	YKR001C	protein	11	440608	442722	trans	PXD044523_companion_Zenodo_10567083	author_processed_GWAS_results	processed_pQTL_cis_trans_classification_v1	pandas_2.3.3	postprocess_governed_author_GWAS_not_de_novo_refit
8222	rs_chromosome12_935887	12.0		935887.0	1.3338840176362537e-06	0.3139389432025389	0.0640634289792629	0.0331427857024229	0.2243723362233538	0	0.1968819995786208	YKR001C.Prot	101	YKR001C	protein	11	440608	442722	trans	PXD044523_companion_Zenodo_10567083	author_processed_GWAS_results	processed_pQTL_cis_trans_classification_v1	pandas_2.3.3	postprocess_governed_author_GWAS_not_de_novo_refit
5581	rs_chromosome7_660573	7.0		660573.0	2.0193962913041766e-06	0.2976089889526582	0.0618214968670212	0.0287248998395366	0.2206090861609893	0	0.2251420447516905	YKR001C.Prot	101	YKR001C	protein	11	440608	442722	trans	PXD044523_companion_Zenodo_10567083	author_processed_GWAS_results	processed_pQTL_cis_trans_classification_v1	pandas_2.3.3	postprocess_governed_author_GWAS_not_de_novo_refit
3687	rs_chromosome5_464736	5.0		464736.0	1.268589521932672e-06	0.3532675726635176	0.0719366604591248	0.1232095849790667	0.2248233773713477	0	0.4799623953650835	YLR061W.Prot	101	YLR061W	protein	12	263194	263948	trans	PXD044523_companion_Zenodo_10567083	author_processed_GWAS_results	processed_pQTL_cis_trans_classification_v1	pandas_2.3.3	postprocess_governed_author_GWAS_not_de_novo_refit
766	rs_chromosome2_111999	2.0		111999.0	2.419235121657286e-06	0.2655268773983685	0.055596697941472	0.057951204864547	0.2189489457688039	0	0.4761953350158419	YLR061W.Prot	101	YLR061W	protein	12	263194	263948	trans	PXD044523_companion_Zenodo_10567083	author_processed_GWAS_results	processed_pQTL_cis_trans_classification_v1	pandas_2.3.3	postprocess_governed_author_GWAS_not_de_novo_refit
295	rs_chromosome8_35255	8.0		35255.0	5.175130843605156e-06	-0.4248258281279208	0.0920951595249294	0.0502242325587769	0.2118152514685544	0	0.4714582846253971	YLR061W.Prot	101	YLR061W	protein	12	263194	263948	trans	PXD044523_companion_Zenodo_10567083	author_processed_GWAS_results	processed_pQTL_cis_trans_classification_v1	pandas_2.3.3	postprocess_governed_author_GWAS_not_de_novo_refit
3026	rs_chromosome13_391103	13.0		391103.0	1.8136491156135668e-06	-0.220816245729517	0.0456559731674777	0.0103208124933688	0.2215905321207044	0	0.0481360118330109	YLR163C.Prot	101	YLR163C	protein	12	491866	493254	trans	PXD044523_companion_Zenodo_10567083	author_processed_GWAS_results	processed_pQTL_cis_trans_classification_v1	pandas_2.3.3	postprocess_governed_author_GWAS_not_de_novo_refit
1639	rs_chromosome11_152063	11.0		152063.0	5.63615978468881e-06	-0.2073708792806992	0.045136529644359	0.0079824001894631	0.2109993598683554	0	0.5397349128387191	YLR208W.Prot	101	YLR208W	protein	12	559551	560444	trans	PXD044523_companion_Zenodo_10567083	author_processed_GWAS_results	processed_pQTL_cis_trans_classification_v1	pandas_2.3.3	postprocess_governed_author_GWAS_not_de_novo_refit
1636	rs_chromosome11_151863	11.0		151863.0	5.63615978468881e-06	-0.2073708792806992	0.045136529644359	0.0079824001894631	0.2109993598683554	0	0.5397349128387191	YLR208W.Prot	101	YLR208W	protein	12	559551	560444	trans	PXD044523_companion_Zenodo_10567083	author_processed_GWAS_results	processed_pQTL_cis_trans_classification_v1	pandas_2.3.3	postprocess_governed_author_GWAS_not_de_novo_refit
638	rs_chromosome7_66795	7.0		66795.0	5.392705961786907e-06	0.2595281401062185	0.056370957894292	0.0221287074437578	0.2114219155726504	0	0.5921739465815683	YLR304C.Prot	101	YLR304C	protein	12	735212	737548	trans	PXD044523_companion_Zenodo_10567083	author_processed_GWAS_results	processed_pQTL_cis_trans_classification_v1	pandas_2.3.3	postprocess_governed_author_GWAS_not_de_novo_refit
2012	rs_chromosome8_209377	8.0		209377.0	2.816173496288224e-06	-0.2717735394515583	0.0572909353113252	0.0254344211023338	0.2175427317405051	0	0.5468715109076022	YLR378C.Prot	101	YLR378C	protein	12	875736	877178	trans	PXD044523_companion_Zenodo_10567083	author_processed_GWAS_results	processed_pQTL_cis_trans_classification_v1	pandas_2.3.3	postprocess_governed_author_GWAS_not_de_novo_refit
1904	rs_chromosome12_207537	12.0		207537.0	5.507722355072982e-06	0.4518977393199194	0.0982528941148181	0.1847150121125405	0.2112200648424193	0	0.5429478788148296	YLR378C.Prot	101	YLR378C	protein	12	875736	877178	trans	PXD044523_companion_Zenodo_10567083	author_processed_GWAS_results	processed_pQTL_cis_trans_classification_v1	pandas_2.3.3	postprocess_governed_author_GWAS_not_de_novo_refit
1833	rs_chromosome3_177325	3.0		177325.0	5.875324388131382e-06	0.2491999458856215	0.0543484898968077	0.0251812413210709	0.210600875936625	0	0.2567766538950772	YML078W.Prot	101	YML078W	protein	13	111002	111550	trans	PXD044523_companion_Zenodo_10567083	author_processed_GWAS_results	processed_pQTL_cis_trans_classification_v1	pandas_2.3.3	postprocess_governed_author_GWAS_not_de_novo_refit
651	rs_chromosome7_68133	7.0		68133.0	6.004551220981443e-06	0.3144076573376021	0.068641011179163	0.0432762272692206	0.2103919588412741	0	0.7161190266982798	YMR083W.Prot	101	YMR083W	protein	13	434788	435915	trans	PXD044523_companion_Zenodo_10567083	author_processed_GWAS_results	processed_pQTL_cis_trans_classification_v1	pandas_2.3.3	postprocess_governed_author_GWAS_not_de_novo_refit
653	rs_chromosome7_68211	7.0		68211.0	6.874523655956822e-06	0.2619422621817485	0.0575599619525129	0.04761065872067	0.2090879558288487	0	0.7161190266982798	YMR083W.Prot	101	YMR083W	protein	13	434788	435915	trans	PXD044523_companion_Zenodo_10567083	author_processed_GWAS_results	processed_pQTL_cis_trans_classification_v1	pandas_2.3.3	postprocess_governed_author_GWAS_not_de_novo_refit
9136	rs_chromosome12_1051821	12.0		1051821.0	1.0953623843794958e-06	0.3206997665872417	0.0649050485434654	0.0295157711003457	0.2261374830310022	0	0.5770118289812066	YMR186W.Prot	101	YMR186W	protein	13	632355	634472	trans	PXD044523_companion_Zenodo_10567083	author_processed_GWAS_results	processed_pQTL_cis_trans_classification_v1	pandas_2.3.3	postprocess_governed_author_GWAS_not_de_novo_refit
3333	rs_chromosome4_406847	4.0		406847.0	2.2296169212476382e-06	0.3020207024470708	0.0630105967932755	0.0216851659124414	0.219700615204402	0	0.6284246817734424	YMR246W.Prot	101	YMR246W	protein	13	759807	761891	trans	PXD044523_companion_Zenodo_10567083	author_processed_GWAS_results	processed_pQTL_cis_trans_classification_v1	pandas_2.3.3	postprocess_governed_author_GWAS_not_de_novo_refit
2551	rs_chromosome2_349229	2.0		349229.0	2.6657283984225585e-06	0.3717291954771439	0.0781698765329105	0.0311103867266299	0.2180519624721127	0	0.6255714010007616	YMR246W.Prot	101	YMR246W	protein	13	759807	761891	trans	PXD044523_companion_Zenodo_10567083	author_processed_GWAS_results	processed_pQTL_cis_trans_classification_v1	pandas_2.3.3	postprocess_governed_author_GWAS_not_de_novo_refit
7649	rs_chromosome16_916332	16.0		916332.0	4.196846959101768e-06	0.2925887086021619	0.0628101666610299	0.0284953278675926	0.2138051211254583	0	0.6302749386991641	YMR246W.Prot	101	YMR246W	protein	13	759807	761891	trans	PXD044523_companion_Zenodo_10567083	author_processed_GWAS_results	processed_pQTL_cis_trans_classification_v1	pandas_2.3.3	postprocess_governed_author_GWAS_not_de_novo_refit
3769	rs_chromosome9_432028	9.0		432028.0	1.1389024004383965e-07	0.2373945263770984	0.0440478590187734	0.014102967702917	0.245471734241072	0	0.4260614553525886	YNL079C.Prot	101	YNL079C	protein	14	478566	479165	trans	PXD044523_companion_Zenodo_10567083	author_processed_GWAS_results	processed_pQTL_cis_trans_classification_v1	pandas_2.3.3	postprocess_governed_author_GWAS_not_de_novo_refit
3768	rs_chromosome9_432021	9.0		432021.0	2.6414636002226365e-07	0.231606329097981	0.0443136076165971	0.0129425210442714	0.2384786571261007	0	0.4260614553525886	YNL079C.Prot	101	YNL079C	protein	14	478566	479165	trans	PXD044523_companion_Zenodo_10567083	author_processed_GWAS_results	processed_pQTL_cis_trans_classification_v1	pandas_2.3.3	postprocess_governed_author_GWAS_not_de_novo_refit
9588	rs_chromosome4_1175261	4.0		1175261.0	1.0732292998751704e-06	0.2116913003419505	0.042806966012688	0.0108305852452876	0.226319563946287	0	0.4273550301034567	YNL079C.Prot	101	YNL079C	protein	14	478566	479165	trans	PXD044523_companion_Zenodo_10567083	author_processed_GWAS_results	processed_pQTL_cis_trans_classification_v1	pandas_2.3.3	postprocess_governed_author_GWAS_not_de_novo_refit
4989	rs_chromosome16_588966	16.0		588966.0	1.1766519927961542e-06	-0.232822585885659	0.0472608398390539	0.0275752565263703	0.2254977306320106	0	0.4327844101950172	YNL079C.Prot	101	YNL079C	protein	14	478566	479165	trans	PXD044523_companion_Zenodo_10567083	author_processed_GWAS_results	processed_pQTL_cis_trans_classification_v1	pandas_2.3.3	postprocess_governed_author_GWAS_not_de_novo_refit
4468	rs_chromosome14_485955	14.0		485955.0	2.700518037767055e-06	-0.2204566276540697	0.0463860336911077	0.0200190526991436	0.2179318058677341	0	0.4326684116229525	YNL079C.Prot	101	YNL079C	protein	14	478566	479165	cis	PXD044523_companion_Zenodo_10567083	author_processed_GWAS_results	processed_pQTL_cis_trans_classification_v1	pandas_2.3.3	postprocess_governed_author_GWAS_not_de_novo_refit
9581	rs_chromosome4_1175182	4.0		1175182.0	5.373140243174644e-06	0.1890358259718209	0.0410525720945984	0.0060685620777072	0.2114566611901889	0	0.4273550301034567	YNL079C.Prot	101	YNL079C	protein	14	478566	479165	trans	PXD044523_companion_Zenodo_10567083	author_processed_GWAS_results	processed_pQTL_cis_trans_classification_v1	pandas_2.3.3	postprocess_governed_author_GWAS_not_de_novo_refit
1816	rs_chromosome6_222997	6.0		222997.0	9.129569524335314e-06	0.2820974122149271	0.0628561243341305	0.017241236377891	0.2063268479562489	0	0.754434201252572	YNL134C.Prot	101	YNL134C	protein	14	372451	373581	trans	PXD044523_companion_Zenodo_10567083	author_processed_GWAS_results	processed_pQTL_cis_trans_classification_v1	pandas_2.3.3	postprocess_governed_author_GWAS_not_de_novo_refit
487	rs_chromosome5_78410	5.0		78410.0	5.027292804118101e-07	-0.3594922563457263	0.0705024580629846	0.0456860858600178	0.2329794415281399	0	0.5301690987291284	YNR034W-A.Prot	101	YNR034W-A	protein	14	692561	692857	trans	PXD044523_companion_Zenodo_10567083	author_processed_GWAS_results	processed_pQTL_cis_trans_classification_v1	pandas_2.3.3	postprocess_governed_author_GWAS_not_de_novo_refit
4738	rs_chromosome10_576221	10.0		576221.0	1.3888987911963491e-06	0.2992810463792394	0.0611767541784102	0.0147960637077197	0.2240084424202054	0	0.5306416328959888	YNR034W-A.Prot	101	YNR034W-A	protein	14	692561	692857	trans	PXD044523_companion_Zenodo_10567083	author_processed_GWAS_results	processed_pQTL_cis_trans_classification_v1	pandas_2.3.3	postprocess_governed_author_GWAS_not_de_novo_refit
1629	rs_chromosome1_197225	1.0		197225.0	5.091323581030713e-06	-0.3363216715951878	0.0728528509377739	0.0972671602253563	0.2119709840420591	0	0.0491608180459797	YOL061W.Prot	101	YOL061W	protein	15	212244	213734	trans	PXD044523_companion_Zenodo_10567083	author_processed_GWAS_results	processed_pQTL_cis_trans_classification_v1	pandas_2.3.3	postprocess_governed_author_GWAS_not_de_novo_refit
4985	rs_chromosome16_588825	16.0		588825.0	5.18998681366018e-07	-0.2871363336021884	0.0563827922947292	0.074542147881358	0.2327037419305791	0	0.627443656842354	YOR027W.Prot	101	YOR027W	protein	15	381053	382822	trans	PXD044523_companion_Zenodo_10567083	author_processed_GWAS_results	processed_pQTL_cis_trans_classification_v1	pandas_2.3.3	postprocess_governed_author_GWAS_not_de_novo_refit
1032	rs_chromosome13_113119	13.0		113119.0	3.824399926080557e-06	-0.23461114571295	0.0501485826627983	0.034015826547778	0.214681678173085	0	0.5802172685901442	YOR198C.Prot	101	YOR198C	protein	15	718653	720065	trans	PXD044523_companion_Zenodo_10567083	author_processed_GWAS_results	processed_pQTL_cis_trans_classification_v1	pandas_2.3.3	postprocess_governed_author_GWAS_not_de_novo_refit
6023	rs_chromosome4_707645	4.0		707645.0	3.3419103107808056e-06	-0.2326755632305499	0.0494292454730127	0.0109544289624548	0.2159472606870456	0	0.3852141283718067	YOR369C.Prot	101	YOR369C	protein	15	1028194	1028625	trans	PXD044523_companion_Zenodo_10567083	author_processed_GWAS_results	processed_pQTL_cis_trans_classification_v1	pandas_2.3.3	postprocess_governed_author_GWAS_not_de_novo_refit
1231	rs_chromosome16_138102	16.0		138102.0	2.621254095832246e-06	-0.4427413263775334	0.0930330167995313	0.0569861048961246	0.2182077715109113	0	0.6788866382873258	YPL078C.Prot	101	YPL078C	protein	16	408010	408744	trans	PXD044523_companion_Zenodo_10567083	author_processed_GWAS_results	processed_pQTL_cis_trans_classification_v1	pandas_2.3.3	postprocess_governed_author_GWAS_not_de_novo_refit
4833	rs_chromosome7_567850	7.0		567850.0	4.335709552806863e-06	-0.2315892254648821	0.0497905071132293	0.0013856280746841	0.213497219644787	0	0.6800726717042594	YPL078C.Prot	101	YPL078C	protein	16	408010	408744	trans	PXD044523_companion_Zenodo_10567083	author_processed_GWAS_results	processed_pQTL_cis_trans_classification_v1	pandas_2.3.3	postprocess_governed_author_GWAS_not_de_novo_refit
4544	rs_chromosome7_514414	7.0		514414.0	5.474226550441206e-07	0.4502325718298127	0.0885948275406947	0.1617659872801176	0.2322414225191196	0	0.43337674553441	YPL160W.Prot	101	YPL160W	protein	16	246990	250262	trans	PXD044523_companion_Zenodo_10567083	author_processed_GWAS_results	processed_pQTL_cis_trans_classification_v1	pandas_2.3.3	postprocess_governed_author_GWAS_not_de_novo_refit
4538	rs_chromosome7_513264	7.0		513264.0	1.3983740239103202e-06	0.4536171417742682	0.0927516755939506	0.1836703790468814	0.2239471669546634	0	0.43337674553441	YPL160W.Prot	101	YPL160W	protein	16	246990	250262	trans	PXD044523_companion_Zenodo_10567083	author_processed_GWAS_results	processed_pQTL_cis_trans_classification_v1	pandas_2.3.3	postprocess_governed_author_GWAS_not_de_novo_refit
4537	rs_chromosome7_513253	7.0		513253.0	1.6187066299539989e-06	0.4636024805955389	0.0953863300137771	0.1730893888857016	0.2226242686176464	0	0.43337674553441	YPL160W.Prot	101	YPL160W	protein	16	246990	250262	trans	PXD044523_companion_Zenodo_10567083	author_processed_GWAS_results	processed_pQTL_cis_trans_classification_v1	pandas_2.3.3	postprocess_governed_author_GWAS_not_de_novo_refit
3028	rs_chromosome13_391381	13.0		391381.0	1.177545055565521e-06	0.2415785471894752	0.0490397751177807	0.0215574780878824	0.2254909403853151	0	0.2531501538543932	YPR004C.Prot	101	YPR004C	protein	16	564007	565041	trans	PXD044523_companion_Zenodo_10567083	author_processed_GWAS_results	processed_pQTL_cis_trans_classification_v1	pandas_2.3.3	postprocess_governed_author_GWAS_not_de_novo_refit
6079	rs_chromosome11_640763	11.0		640763.0	1.7698572680593965e-06	0.3795018943736745	0.0783830048045668	0.0312445820559099	0.2218131456418616	0	0.5959682355768177	YPR183W.Prot	101	YPR183W	protein	16	900755	901558	trans	PXD044523_companion_Zenodo_10567083	author_processed_GWAS_results	processed_pQTL_cis_trans_classification_v1	pandas_2.3.3	postprocess_governed_author_GWAS_not_de_novo_refit
