reported_result_id	study_accession	source_sample_id	showcase_sample_id	metabolite_name	reported_abundance	source_identification_label	database_identifier	chemical_formula	smiles	inchi	pubchem_id	kegg_id	hmdb_id	method	is_internal_standard	result_layer	mapping_to_reprocessed_feature	annotation_source
MTBLS2015:ROW:0002	MTBLS2015	102.100.100/50913	ECOLI-B36-RPMI	13C2-Myristic acid	2745247	ITSD									True	publisher-reported processed metabolite result	not available: source MAF omits m/z and retention time	MetaboLights MTBLS2015 MAF: m_MTBLS2015_LC-MS_negative_hilic_metabolite_profiling_v2_maf.tsv
MTBLS2015:ROW:0003	MTBLS2015	102.100.100/50913	ECOLI-B36-RPMI	13C5,15N1-Valine	306504	ITSD									True	publisher-reported processed metabolite result	not available: source MAF omits m/z and retention time	MetaboLights MTBLS2015 MAF: m_MTBLS2015_LC-MS_negative_hilic_metabolite_profiling_v2_maf.tsv
MTBLS2015:ROW:0004	MTBLS2015	102.100.100/50913	ECOLI-B36-RPMI	13C6-Sorbitol	1009794	ITSD									True	publisher-reported processed metabolite result	not available: source MAF omits m/z and retention time	MetaboLights MTBLS2015 MAF: m_MTBLS2015_LC-MS_negative_hilic_metabolite_profiling_v2_maf.tsv
MTBLS2015:ROW:0005	MTBLS2015	102.100.100/50913	ECOLI-B36-RPMI	Betaine	6146991	Betaine	CHEBI:17750	C5H11NO2	C[N+](C)(C)CC([O-])=O	InChI=1S/C5H11NO2/c1-6(2,3)4-5(7)8/h4H2,1-3H3					False	publisher-reported processed metabolite result	not available: source MAF omits m/z and retention time	MetaboLights MTBLS2015 MAF: m_MTBLS2015_LC-MS_negative_hilic_metabolite_profiling_v2_maf.tsv
MTBLS2015:ROW:0006	MTBLS2015	102.100.100/50913	ECOLI-B36-RPMI	Stearic acid	4260780	Stearic acid	CHEBI:28842	C18H36O2	C(CCCCCCCCCC)CCCCCCC(=O)O	InChI=1S/C18H36O2/c1-2-3-4-5-6-7-8-9-10-11-12-13-14-15-16-17-18(19)20/h2-17H2,1H3,(H,19,20)					False	publisher-reported processed metabolite result	not available: source MAF omits m/z and retention time	MetaboLights MTBLS2015 MAF: m_MTBLS2015_LC-MS_negative_hilic_metabolite_profiling_v2_maf.tsv
MTBLS2015:ROW:0007	MTBLS2015	102.100.100/50913	ECOLI-B36-RPMI	PE(14:0/14:0)	167486	PE(14:0/14:0)	CHEBI:167592	C33H66NO8P	[C@](COC(=O)*)(OC(=O)*)([H])COP(OCC[NH3+])(=O)[O-]						False	publisher-reported processed metabolite result	not available: source MAF omits m/z and retention time	MetaboLights MTBLS2015 MAF: m_MTBLS2015_LC-MS_negative_hilic_metabolite_profiling_v2_maf.tsv
MTBLS2015:ROW:0008	MTBLS2015	102.100.100/50913	ECOLI-B36-RPMI	Deoxyadenosine monophosphate	176967	Deoxyadenosine monophosphate	CHEBI:17713	C10H14N5O6P	Nc1ncnc2n(cnc12)[C@H]1C[C@H](O)[C@@H](COP(O)(O)=O)O1	InChI=1S/C10H14N5O6P/c11-9-8-10(13-3-12-9)15(4-14-8)7-1-5(16)6(21-7)2-20-22(17,18)19/h3-7,16H,1-2H2,(H2,11,12,13)(H2,17,18,19)/t5-,6+,7+/m0/s1					False	publisher-reported processed metabolite result	not available: source MAF omits m/z and retention time	MetaboLights MTBLS2015 MAF: m_MTBLS2015_LC-MS_negative_hilic_metabolite_profiling_v2_maf.tsv
MTBLS2015:ROW:0009	MTBLS2015	102.100.100/50913	ECOLI-B36-RPMI	L-Alloisoleucine	10061216	L-Alloisoleucine	CHEBI:43433	C6H13NO2	CC[C@@H](C)[C@H](N)C(O)=O	InChI=1S/C6H13NO2/c1-3-4(2)5(7)6(8)9/h4-5H,3,7H2,1-2H3,(H,8,9)/t4-,5+/m1/s1					False	publisher-reported processed metabolite result	not available: source MAF omits m/z and retention time	MetaboLights MTBLS2015 MAF: m_MTBLS2015_LC-MS_negative_hilic_metabolite_profiling_v2_maf.tsv
MTBLS2015:ROW:0010	MTBLS2015	102.100.100/50913	ECOLI-B36-RPMI	L-Valine	17792478	L-Valine	CHEBI:16414	C5H11NO2	CC(C)[C@H](N)C(O)=O	InChI=1S/C5H11NO2/c1-3(2)4(6)5(7)8/h3-4H,6H2,1-2H3,(H,7,8)/t4-/m0/s1					False	publisher-reported processed metabolite result	not available: source MAF omits m/z and retention time	MetaboLights MTBLS2015 MAF: m_MTBLS2015_LC-MS_negative_hilic_metabolite_profiling_v2_maf.tsv
MTBLS2015:ROW:0011	MTBLS2015	102.100.100/50913	ECOLI-B36-RPMI	L-Isoleucine	4570166	L-Isoleucine	CHEBI:17191	C6H13NO2	OC([C@H]([C@H](CC)C)N)=O	InChI=1S/C6H13NO2/c1-3-4(2)5(7)6(8)9/h4-5H,3,7H2,1-2H3,(H,8,9)/t4-,5-/m0/s1					False	publisher-reported processed metabolite result	not available: source MAF omits m/z and retention time	MetaboLights MTBLS2015 MAF: m_MTBLS2015_LC-MS_negative_hilic_metabolite_profiling_v2_maf.tsv
MTBLS2015:ROW:0012	MTBLS2015	102.100.100/50913	ECOLI-B36-RPMI	Beta-Leucine	4687760	Beta-Leucine	CHEBI:72772	C6H13NO2	CC(C)C(N)CC(O)=O	InChI=1S/C6H13NO2/c1-4(2)5(7)3-6(8)9/h4-5H,3,7H2,1-2H3,(H,8,9)					False	publisher-reported processed metabolite result	not available: source MAF omits m/z and retention time	MetaboLights MTBLS2015 MAF: m_MTBLS2015_LC-MS_negative_hilic_metabolite_profiling_v2_maf.tsv
MTBLS2015:ROW:0013	MTBLS2015	102.100.100/50913	ECOLI-B36-RPMI	L-Arginine	7610	L-Arginine	CHEBI:16467	C6H14N4O2	N[C@@H](CCCNC(N)=N)C(O)=O	InChI=1S/C6H14N4O2/c7-4(5(11)12)2-1-3-10-6(8)9/h4H,1-3,7H2,(H,11,12)(H4,8,9,10)/t4-/m0/s1					False	publisher-reported processed metabolite result	not available: source MAF omits m/z and retention time	MetaboLights MTBLS2015 MAF: m_MTBLS2015_LC-MS_negative_hilic_metabolite_profiling_v2_maf.tsv
MTBLS2015:ROW:0014	MTBLS2015	102.100.100/50913	ECOLI-B36-RPMI	Sucrose 6-Phosphate	138624	No HMDB data									False	publisher-reported processed metabolite result	not available: source MAF omits m/z and retention time	MetaboLights MTBLS2015 MAF: m_MTBLS2015_LC-MS_negative_hilic_metabolite_profiling_v2_maf.tsv
MTBLS2015:ROW:0015	MTBLS2015	102.100.100/50913	ECOLI-B36-RPMI	N-Acetylneuraminic acid	11748	N-Acetylneuraminic acid	CHEBI:17012	C11H19NO9	[H][C@]1(OC(O)(C[C@H](O)[C@H]1NC(C)=O)C(O)=O)[C@H](O)[C@H](O)CO	InChI=1S/C11H19NO9/c1-4(14)12-7-5(15)2-11(20,10(18)19)21-9(7)8(17)6(16)3-13/h5-9,13,15-17,20H,2-3H2,1H3,(H,12,14)(H,18,19)/t5-,6+,7+,8+,9+,11?/m0/s1					False	publisher-reported processed metabolite result	not available: source MAF omits m/z and retention time	MetaboLights MTBLS2015 MAF: m_MTBLS2015_LC-MS_negative_hilic_metabolite_profiling_v2_maf.tsv
MTBLS2015:ROW:0016	MTBLS2015	102.100.100/50913	ECOLI-B36-RPMI	Adenosine monophosphate	7909905	Adenosine monophosphate	CHEBI:16027	C10H14N5O7P	Nc1ncnc2n(cnc12)[C@@H]1O[C@H](COP(O)(O)=O)[C@@H](O)[C@H]1O	InChI=1S/C10H14N5O7P/c11-8-5-9(13-2-12-8)15(3-14-5)10-7(17)6(16)4(22-10)1-21-23(18,19)20/h2-4,6-7,10,16-17H,1H2,(H2,11,12,13)(H2,18,19,20)/t4-,6-,7-,10-/m1/s1					False	publisher-reported processed metabolite result	not available: source MAF omits m/z and retention time	MetaboLights MTBLS2015 MAF: m_MTBLS2015_LC-MS_negative_hilic_metabolite_profiling_v2_maf.tsv
MTBLS2015:ROW:0017	MTBLS2015	102.100.100/50913	ECOLI-B36-RPMI	L-Tyrosine	1632053	L-Tyrosine	CHEBI:17895	C9H11NO3	N[C@@H](Cc1ccc(O)cc1)C(O)=O	InChI=1S/C9H11NO3/c10-8(9(12)13)5-6-1-3-7(11)4-2-6/h1-4,8,11H,5,10H2,(H,12,13)/t8-/m0/s1					False	publisher-reported processed metabolite result	not available: source MAF omits m/z and retention time	MetaboLights MTBLS2015 MAF: m_MTBLS2015_LC-MS_negative_hilic_metabolite_profiling_v2_maf.tsv
MTBLS2015:ROW:0018	MTBLS2015	102.100.100/50913	ECOLI-B36-RPMI	Sorbitol	72216	Sorbitol	CHEBI:30911	C6H14O6							False	publisher-reported processed metabolite result	not available: source MAF omits m/z and retention time	MetaboLights MTBLS2015 MAF: m_MTBLS2015_LC-MS_negative_hilic_metabolite_profiling_v2_maf.tsv
MTBLS2015:ROW:0019	MTBLS2015	102.100.100/50913	ECOLI-B36-RPMI	Glucose 6-phosphate	2120327	Glucose 6-phosphate	CHEBI:4170	C6H13O9P	OC1O[C@H](COP(O)(O)=O)[C@@H](O)[C@H](O)[C@H]1O	InChI=1S/C6H13O9P/c7-3-2(1-14-16(11,12)13)15-6(10)5(9)4(3)8/h2-10H,1H2,(H2,11,12,13)/t2-,3-,4+,5-,6?/m1/s1					False	publisher-reported processed metabolite result	not available: source MAF omits m/z and retention time	MetaboLights MTBLS2015 MAF: m_MTBLS2015_LC-MS_negative_hilic_metabolite_profiling_v2_maf.tsv
MTBLS2015:ROW:0020	MTBLS2015	102.100.100/50913	ECOLI-B36-RPMI	L-Methionine	454953	L-Methionine	CHEBI:16643	C5H11NO2S	CSCC[C@H](N)C(O)=O	InChI=1S/C5H11NO2S/c1-9-3-2-4(6)5(7)8/h4H,2-3,6H2,1H3,(H,7,8)/t4-/m0/s1					False	publisher-reported processed metabolite result	not available: source MAF omits m/z and retention time	MetaboLights MTBLS2015 MAF: m_MTBLS2015_LC-MS_negative_hilic_metabolite_profiling_v2_maf.tsv
MTBLS2015:ROW:0021	MTBLS2015	102.100.100/50913	ECOLI-B36-RPMI	Pantothenic acid	20576743	Pantothenic acid	CHEBI:7916	C9H17NO5	CC(C)(CO)C(O)C(=O)NCCC(O)=O	InChI=1S/C9H17NO5/c1-9(2,5-11)7(14)8(15)10-4-3-6(12)13/h7,11,14H,3-5H2,1-2H3,(H,10,15)(H,12,13)					False	publisher-reported processed metabolite result	not available: source MAF omits m/z and retention time	MetaboLights MTBLS2015 MAF: m_MTBLS2015_LC-MS_negative_hilic_metabolite_profiling_v2_maf.tsv
MTBLS2015:ROW:0022	MTBLS2015	102.100.100/50913	ECOLI-B36-RPMI	D-Alpha-aminobutyric acid	102148	D-Alpha-aminobutyric acid	CHEBI:28797	C4H9NO2	CC[C@@H](N)C(O)=O	InChI=1S/C4H9NO2/c1-2-3(5)4(6)7/h3H,2,5H2,1H3,(H,6,7)/t3-/m1/s1					False	publisher-reported processed metabolite result	not available: source MAF omits m/z and retention time	MetaboLights MTBLS2015 MAF: m_MTBLS2015_LC-MS_negative_hilic_metabolite_profiling_v2_maf.tsv
MTBLS2015:ROW:0023	MTBLS2015	102.100.100/50913	ECOLI-B36-RPMI	Orotic acid	250074	Orotic acid	CHEBI:16742	C5H4N2O4	OC(=O)c1cc(=O)[nH]c(=O)[nH]1	InChI=1S/C5H4N2O4/c8-3-1-2(4(9)10)6-5(11)7-3/h1H,(H,9,10)(H2,6,7,8,11)					False	publisher-reported processed metabolite result	not available: source MAF omits m/z and retention time	MetaboLights MTBLS2015 MAF: m_MTBLS2015_LC-MS_negative_hilic_metabolite_profiling_v2_maf.tsv
MTBLS2015:ROW:0024	MTBLS2015	102.100.100/50913	ECOLI-B36-RPMI	Adenosine	1867843	Adenosine	CHEBI:16335	C10H13N5O4	Nc1ncnc2n(cnc12)[C@@H]1O[C@H](CO)[C@@H](O)[C@H]1O	InChI=1S/C10H13N5O4/c11-8-5-9(13-2-12-8)15(3-14-5)10-7(18)6(17)4(1-16)19-10/h2-4,6-7,10,16-18H,1H2,(H2,11,12,13)/t4-,6-,7-,10-/m1/s1					False	publisher-reported processed metabolite result	not available: source MAF omits m/z and retention time	MetaboLights MTBLS2015 MAF: m_MTBLS2015_LC-MS_negative_hilic_metabolite_profiling_v2_maf.tsv
MTBLS2015:ROW:0025	MTBLS2015	102.100.100/50913	ECOLI-B36-RPMI	L-Phenylalanine	928038	L-Phenylalanine	CHEBI:17295	C9H11NO2	N[C@@H](Cc1ccccc1)C(O)=O	InChI=1S/C9H11NO2/c10-8(9(11)12)6-7-4-2-1-3-5-7/h1-5,8H,6,10H2,(H,11,12)/t8-/m0/s1					False	publisher-reported processed metabolite result	not available: source MAF omits m/z and retention time	MetaboLights MTBLS2015 MAF: m_MTBLS2015_LC-MS_negative_hilic_metabolite_profiling_v2_maf.tsv
MTBLS2015:ROW:0026	MTBLS2015	102.100.100/50913	ECOLI-B36-RPMI	Cyclic AMP	265651	Cyclic AMP	CHEBI:17489	C10H12N5O6P	Nc1ncnc2n(cnc12)[C@@H]1O[C@@H]2COP(O)(=O)O[C@H]2[C@H]1O	InChI=1S/C10H12N5O6P/c11-8-5-9(13-2-12-8)15(3-14-5)10-6(16)7-4(20-10)1-19-22(17,18)21-7/h2-4,6-7,10,16H,1H2,(H,17,18)(H2,11,12,13)/t4-,6-,7-,10-/m1/s1					False	publisher-reported processed metabolite result	not available: source MAF omits m/z and retention time	MetaboLights MTBLS2015 MAF: m_MTBLS2015_LC-MS_negative_hilic_metabolite_profiling_v2_maf.tsv
MTBLS2015:ROW:0027	MTBLS2015	102.100.100/50913	ECOLI-B36-RPMI	Hypoxanthine	8120199	Hypoxanthine	CHEBI:17368	C5H4N4O	O=c1[nH]cnc2nc[nH]c12	InChI=1S/C5H4N4O/c10-5-3-4(7-1-6-3)8-2-9-5/h1-2H,(H2,6,7,8,9,10)					False	publisher-reported processed metabolite result	not available: source MAF omits m/z and retention time	MetaboLights MTBLS2015 MAF: m_MTBLS2015_LC-MS_negative_hilic_metabolite_profiling_v2_maf.tsv
MTBLS2015:ROW:0028	MTBLS2015	102.100.100/50913	ECOLI-B36-RPMI	Galactitol	69662	Galactitol	CHEBI:16813	C6H14O6	OC[C@H](O)[C@@H](O)[C@@H](O)[C@H](O)CO	InChI=1S/C6H14O6/c7-1-3(9)5(11)6(12)4(10)2-8/h3-12H,1-2H2/t3-,4+,5+,6-					False	publisher-reported processed metabolite result	not available: source MAF omits m/z and retention time	MetaboLights MTBLS2015 MAF: m_MTBLS2015_LC-MS_negative_hilic_metabolite_profiling_v2_maf.tsv
MTBLS2015:ROW:0029	MTBLS2015	102.100.100/50913	ECOLI-B36-RPMI	Thymine	641617	Thymine	CHEBI:17821	C5H6N2O2	Cc1c[nH]c(=O)[nH]c1=O	InChI=1S/C5H6N2O2/c1-3-2-6-5(9)7-4(3)8/h2H,1H3,(H2,6,7,8,9)					False	publisher-reported processed metabolite result	not available: source MAF omits m/z and retention time	MetaboLights MTBLS2015 MAF: m_MTBLS2015_LC-MS_negative_hilic_metabolite_profiling_v2_maf.tsv
MTBLS2015:ROW:0030	MTBLS2015	102.100.100/50913	ECOLI-B36-RPMI	NAD	6368851	NADH	CHEBI:16908	C21H29N7O14P2	NC(=O)C1=CN(C=CC1)[C@@H]1O[C@H](COP(O)(=O)OP(O)(=O)OC[C@H]2O[C@H]([C@H](O)[C@@H]2O)n2cnc3c(N)ncnc23)[C@@H](O)[C@H]1O	InChI=1S/C21H29N7O14P2/c22-17-12-19(25-7-24-17)28(8-26-12)21-16(32)14(30)11(41-21)6-39-44(36,37)42-43(34,35)38-5-10-13(29)15(31)20(40-10)27-3-1-2-9(4-27)18(23)33/h1,3-4,7-8,10-11,13-16,20-21,29-32H,2,5-6H2,(H2,23,33)(H,34,35)(H,36,37)(H2,22,24,25)/t10-,11-,13-,14-,15-,16-,20-,21-/m1/s1					False	publisher-reported processed metabolite result	not available: source MAF omits m/z and retention time	MetaboLights MTBLS2015 MAF: m_MTBLS2015_LC-MS_negative_hilic_metabolite_profiling_v2_maf.tsv
MTBLS2015:ROW:0031	MTBLS2015	102.100.100/50913	ECOLI-B36-RPMI	L-Proline	167155	L-Proline	CHEBI:17203	C5H9NO2	OC(=O)[C@@H]1CCCN1	InChI=1S/C5H9NO2/c7-5(8)4-2-1-3-6-4/h4,6H,1-3H2,(H,7,8)/t4-/m0/s1					False	publisher-reported processed metabolite result	not available: source MAF omits m/z and retention time	MetaboLights MTBLS2015 MAF: m_MTBLS2015_LC-MS_negative_hilic_metabolite_profiling_v2_maf.tsv
MTBLS2015:ROW:0032	MTBLS2015	102.100.100/50913	ECOLI-B36-RPMI	L-Leucine	642216	L-Leucine	CHEBI:15603	C6H13NO2	CC(C)C[C@H](N)C(O)=O	InChI=1S/C6H13NO2/c1-4(2)3-5(7)6(8)9/h4-5H,3,7H2,1-2H3,(H,8,9)/t5-/m0/s1					False	publisher-reported processed metabolite result	not available: source MAF omits m/z and retention time	MetaboLights MTBLS2015 MAF: m_MTBLS2015_LC-MS_negative_hilic_metabolite_profiling_v2_maf.tsv
MTBLS2015:ROW:0033	MTBLS2015	102.100.100/50913	ECOLI-B36-RPMI	Dihydrouracil	24876	Dihydrouracil	CHEBI:15901	C4H6N2O2	O=C1CCNC(=O)N1	InChI=1S/C4H6N2O2/c7-3-1-2-5-4(8)6-3/h1-2H2,(H2,5,6,7,8)					False	publisher-reported processed metabolite result	not available: source MAF omits m/z and retention time	MetaboLights MTBLS2015 MAF: m_MTBLS2015_LC-MS_negative_hilic_metabolite_profiling_v2_maf.tsv
MTBLS2015:ROW:0034	MTBLS2015	102.100.100/50913	ECOLI-B36-RPMI	Guanosine monophosphate	260222	Guanosine monophosphate	CHEBI:17345	C10H14N5O8P	Nc1nc2n(cnc2c(=O)[nH]1)[C@@H]1O[C@H](COP(O)(O)=O)[C@@H](O)[C@H]1O	InChI=1S/C10H14N5O8P/c11-10-13-7-4(8(18)14-10)12-2-15(7)9-6(17)5(16)3(23-9)1-22-24(19,20)21/h2-3,5-6,9,16-17H,1H2,(H2,19,20,21)(H3,11,13,14,18)/t3-,5-,6-,9-/m1/s1					False	publisher-reported processed metabolite result	not available: source MAF omits m/z and retention time	MetaboLights MTBLS2015 MAF: m_MTBLS2015_LC-MS_negative_hilic_metabolite_profiling_v2_maf.tsv
MTBLS2015:ROW:0035	MTBLS2015	102.100.100/50913	ECOLI-B36-RPMI	Xanthine	23306107	Xanthine	CHEBI:15318	C5H4N4O2							False	publisher-reported processed metabolite result	not available: source MAF omits m/z and retention time	MetaboLights MTBLS2015 MAF: m_MTBLS2015_LC-MS_negative_hilic_metabolite_profiling_v2_maf.tsv
MTBLS2015:ROW:0036	MTBLS2015	102.100.100/50913	ECOLI-B36-RPMI	L-Norleucine	605539	L-Norleucine	CHEBI:18347	C6H13NO2	CCCC[C@H](N)C(O)=O	InChI=1S/C6H13NO2/c1-2-3-4-5(7)6(8)9/h5H,2-4,7H2,1H3,(H,8,9)/t5-/m0/s1					False	publisher-reported processed metabolite result	not available: source MAF omits m/z and retention time	MetaboLights MTBLS2015 MAF: m_MTBLS2015_LC-MS_negative_hilic_metabolite_profiling_v2_maf.tsv
MTBLS2015:ROW:0037	MTBLS2015	102.100.100/50913	ECOLI-B36-RPMI	L-Alanine	1204399	L-Alanine	CHEBI:16977	C3H7NO2	C[C@H](N)C(O)=O	InChI=1S/C3H7NO2/c1-2(4)3(5)6/h2H,4H2,1H3,(H,5,6)/t2-/m0/s1					False	publisher-reported processed metabolite result	not available: source MAF omits m/z and retention time	MetaboLights MTBLS2015 MAF: m_MTBLS2015_LC-MS_negative_hilic_metabolite_profiling_v2_maf.tsv
MTBLS2015:ROW:0038	MTBLS2015	102.100.100/50913	ECOLI-B36-RPMI	Uridine	504721	Uridine	CHEBI:16704	C9H12N2O6	OC[C@H]1O[C@H]([C@H](O)[C@@H]1O)n1ccc(=O)[nH]c1=O	InChI=1S/C9H12N2O6/c12-3-4-6(14)7(15)8(17-4)11-2-1-5(13)10-9(11)16/h1-2,4,6-8,12,14-15H,3H2,(H,10,13,16)/t4-,6-,7-,8-/m1/s1					False	publisher-reported processed metabolite result	not available: source MAF omits m/z and retention time	MetaboLights MTBLS2015 MAF: m_MTBLS2015_LC-MS_negative_hilic_metabolite_profiling_v2_maf.tsv
MTBLS2015:ROW:0039	MTBLS2015	102.100.100/50913	ECOLI-B36-RPMI	Acetyl-CoA	469079	Acetyl-CoA	CHEBI:15351	C23H38N7O17P3S	CC(=O)SCCNC(=O)CCNC(=O)[C@H](O)C(C)(C)COP(O)(=O)OP(O)(=O)OC[C@H]1O[C@H]([C@H](O)[C@@H]1OP(O)(O)=O)n1cnc2c(N)ncnc12	InChI=1S/C23H38N7O17P3S/c1-12(31)51-7-6-25-14(32)4-5-26-21(35)18(34)23(2,3)9-44-50(41,42)47-49(39,40)43-8-13-17(46-48(36,37)38)16(33)22(45-13)30-11-29-15-19(24)27-10-28-20(15)30/h10-11,13,16-18,22,33-34H,4-9H2,1-3H3,(H,25,32)(H,26,35)(H,39,40)(H,41,42)(H2,24,27,28)(H2,36,37,38)/t13-,16-,17-,18+,22-/m1/s1					False	publisher-reported processed metabolite result	not available: source MAF omits m/z and retention time	MetaboLights MTBLS2015 MAF: m_MTBLS2015_LC-MS_negative_hilic_metabolite_profiling_v2_maf.tsv
MTBLS2015:ROW:0040	MTBLS2015	102.100.100/50913	ECOLI-B36-RPMI	D-Fructose	281583	D-Fructose	CHEBI:15824	C6H12O6							False	publisher-reported processed metabolite result	not available: source MAF omits m/z and retention time	MetaboLights MTBLS2015 MAF: m_MTBLS2015_LC-MS_negative_hilic_metabolite_profiling_v2_maf.tsv
MTBLS2015:ROW:0041	MTBLS2015	102.100.100/50913	ECOLI-B36-RPMI	4-Hydroxyphenylpyruvic acid	79147	4-Hydroxyphenylpyruvic acid	CHEBI:15999	C9H8O4	OC(=O)C(=O)CC1=CC=C(O)C=C1	InChI=1S/C9H8O4/c10-7-3-1-6(2-4-7)5-8(11)9(12)13/h1-4,10H,5H2,(H,12,13)					False	publisher-reported processed metabolite result	not available: source MAF omits m/z and retention time	MetaboLights MTBLS2015 MAF: m_MTBLS2015_LC-MS_negative_hilic_metabolite_profiling_v2_maf.tsv
MTBLS2015:ROW:0042	MTBLS2015	102.100.100/50913	ECOLI-B36-RPMI	Glutathione	261408	Glutathione	CHEBI:16856	C10H17N3O6S	N[C@@H](CCC(=O)N[C@@H](CS)C(=O)NCC(=O)O)C(=O)O	InChI=1S/C10H17N3O6S/c11-5(10(18)19)1-2-7(14)13-6(4-20)9(17)12-3-8(15)16/h5-6,20H,1-4,11H2,(H,12,17)(H,13,14)(H,15,16)(H,18,19)/t5-,6-/m0/s1					False	publisher-reported processed metabolite result	not available: source MAF omits m/z and retention time	MetaboLights MTBLS2015 MAF: m_MTBLS2015_LC-MS_negative_hilic_metabolite_profiling_v2_maf.tsv
MTBLS2015:ROW:0043	MTBLS2015	102.100.100/50913	ECOLI-B36-RPMI	Glyceric acid	880266	Glyceric acid	CHEBI:33508	C3H6O4	OCC(O)C(O)=O	InChI=1S/C3H6O4/c4-1-2(5)3(6)7/h2,4-5H,1H2,(H,6,7)					False	publisher-reported processed metabolite result	not available: source MAF omits m/z and retention time	MetaboLights MTBLS2015 MAF: m_MTBLS2015_LC-MS_negative_hilic_metabolite_profiling_v2_maf.tsv
MTBLS2015:ROW:0044	MTBLS2015	102.100.100/50913	ECOLI-B36-RPMI	2-Isopropylmalic acid	308024	2-Isopropylmalic acid	CHEBI:28635	C7H12O5	C(C(=O)O)C(C(=O)O)(O)C(C)C	InChI=1S/C7H12O5/c1-4(2)7(12,6(10)11)3-5(8)9/h4,12H,3H2,1-2H3,(H,8,9)(H,10,11)					False	publisher-reported processed metabolite result	not available: source MAF omits m/z and retention time	MetaboLights MTBLS2015 MAF: m_MTBLS2015_LC-MS_negative_hilic_metabolite_profiling_v2_maf.tsv
MTBLS2015:ROW:0045	MTBLS2015	102.100.100/50913	ECOLI-B36-RPMI	Cytidine	161430	Cytidine	CHEBI:17562	C9H13N3O5	Nc1ccn([C@@H]2O[C@H](CO)[C@@H](O)[C@H]2O)c(=O)n1	InChI=1S/C9H13N3O5/c10-5-1-2-12(9(16)11-5)8-7(15)6(14)4(3-13)17-8/h1-2,4,6-8,13-15H,3H2,(H2,10,11,16)/t4-,6-,7-,8-/m1/s1					False	publisher-reported processed metabolite result	not available: source MAF omits m/z and retention time	MetaboLights MTBLS2015 MAF: m_MTBLS2015_LC-MS_negative_hilic_metabolite_profiling_v2_maf.tsv
MTBLS2015:ROW:0046	MTBLS2015	102.100.100/50913	ECOLI-B36-RPMI	Capric acid	95489	Capric acid	CHEBI:30813	C10H20O2	C(CCCCCC)CCC(=O)O	InChI=1S/C10H20O2/c1-2-3-4-5-6-7-8-9-10(11)12/h2-9H2,1H3,(H,11,12)					False	publisher-reported processed metabolite result	not available: source MAF omits m/z and retention time	MetaboLights MTBLS2015 MAF: m_MTBLS2015_LC-MS_negative_hilic_metabolite_profiling_v2_maf.tsv
MTBLS2015:ROW:0047	MTBLS2015	102.100.100/50913	ECOLI-B36-RPMI	Palmitic acid	1313717	Palmitic acid	CHEBI:15756	C16H32O2	CCCCCCCCCCCCCCCC(O)=O	InChI=1S/C16H32O2/c1-2-3-4-5-6-7-8-9-10-11-12-13-14-15-16(17)18/h2-15H2,1H3,(H,17,18)					False	publisher-reported processed metabolite result	not available: source MAF omits m/z and retention time	MetaboLights MTBLS2015 MAF: m_MTBLS2015_LC-MS_negative_hilic_metabolite_profiling_v2_maf.tsv
MTBLS2015:ROW:0048	MTBLS2015	102.100.100/50913	ECOLI-B36-RPMI	Uracil	51780	Uracil	CHEBI:17568	C4H4N2O2	O=c1cc[nH]c(=O)[nH]1	InChI=1S/C4H4N2O2/c7-3-1-2-5-4(8)6-3/h1-2H,(H2,5,6,7,8)					False	publisher-reported processed metabolite result	not available: source MAF omits m/z and retention time	MetaboLights MTBLS2015 MAF: m_MTBLS2015_LC-MS_negative_hilic_metabolite_profiling_v2_maf.tsv
MTBLS2015:ROW:0049	MTBLS2015	102.100.100/50913	ECOLI-B36-RPMI	Inosine	295703	Inosine	CHEBI:17596	C10H12N4O5	OC[C@H]1O[C@H]([C@H](O)[C@@H]1O)n1cnc2c(O)ncnc12	InChI=1S/C10H12N4O5/c15-1-4-6(16)7(17)10(19-4)14-3-13-5-8(14)11-2-12-9(5)18/h2-4,6-7,10,15-17H,1H2,(H,11,12,18)/t4-,6-,7-,10-/m1/s1					False	publisher-reported processed metabolite result	not available: source MAF omits m/z and retention time	MetaboLights MTBLS2015 MAF: m_MTBLS2015_LC-MS_negative_hilic_metabolite_profiling_v2_maf.tsv
MTBLS2015:ROW:0050	MTBLS2015	102.100.100/50913	ECOLI-B36-RPMI	Guanosine	36094	Guanosine	CHEBI:16750	C10H13N5O5	Nc1nc2n(cnc2c(=O)[nH]1)[C@@H]1O[C@H](CO)[C@@H](O)[C@H]1O	InChI=1S/C10H13N5O5/c11-10-13-7-4(8(19)14-10)12-2-15(7)9-6(18)5(17)3(1-16)20-9/h2-3,5-6,9,16-18H,1H2,(H3,11,13,14,19)/t3-,5-,6-,9-/m1/s1					False	publisher-reported processed metabolite result	not available: source MAF omits m/z and retention time	MetaboLights MTBLS2015 MAF: m_MTBLS2015_LC-MS_negative_hilic_metabolite_profiling_v2_maf.tsv
MTBLS2015:ROW:0051	MTBLS2015	102.100.100/50913	ECOLI-B36-RPMI	D-Alanine	589581	D-Alanine	CHEBI:15570	C3H7NO2	C[C@@H](N)C(O)=O	InChI=1S/C3H7NO2/c1-2(4)3(5)6/h2H,4H2,1H3,(H,5,6)/t2-/m1/s1					False	publisher-reported processed metabolite result	not available: source MAF omits m/z and retention time	MetaboLights MTBLS2015 MAF: m_MTBLS2015_LC-MS_negative_hilic_metabolite_profiling_v2_maf.tsv
MTBLS2015:ROW:0052	MTBLS2015	102.100.100/50913	ECOLI-B36-RPMI	3-Chlorotyrosine	1357602	3-Chlorotyrosine	CHEBI:53678	C9H10ClNO3	N[C@@H](Cc1ccc(O)c(Cl)c1)C(O)=O	InChI=1S/C9H10ClNO3/c10-6-3-5(1-2-8(6)12)4-7(11)9(13)14/h1-3,7,12H,4,11H2,(H,13,14)/t7-/m0/s1					False	publisher-reported processed metabolite result	not available: source MAF omits m/z and retention time	MetaboLights MTBLS2015 MAF: m_MTBLS2015_LC-MS_negative_hilic_metabolite_profiling_v2_maf.tsv
MTBLS2015:ROW:0053	MTBLS2015	102.100.100/50913	ECOLI-B36-RPMI	L-Homoserine	100837	L-Homoserine	CHEBI:15699	C4H9NO3	N[C@@H](CCO)C(O)=O	InChI=1S/C4H9NO3/c5-3(1-2-6)4(7)8/h3,6H,1-2,5H2,(H,7,8)/t3-/m0/s1					False	publisher-reported processed metabolite result	not available: source MAF omits m/z and retention time	MetaboLights MTBLS2015 MAF: m_MTBLS2015_LC-MS_negative_hilic_metabolite_profiling_v2_maf.tsv
MTBLS2015:ROW:0054	MTBLS2015	102.100.100/50913	ECOLI-B36-RPMI	Methylsuccinic acid	89665	Methylsuccinic acid	CHEBI:89843	C5H8O4							False	publisher-reported processed metabolite result	not available: source MAF omits m/z and retention time	MetaboLights MTBLS2015 MAF: m_MTBLS2015_LC-MS_negative_hilic_metabolite_profiling_v2_maf.tsv
MTBLS2015:ROW:0055	MTBLS2015	102.100.100/50913	ECOLI-B36-RPMI	Adenosine triphosphate	296907	Adenosine triphosphate	CHEBI:15422	C10H16N5O13P3	Nc1ncnc2n(cnc12)[C@@H]1O[C@H](COP(O)(=O)OP(O)(=O)OP(O)(O)=O)[C@@H](O)[C@H]1O	InChI=1S/C10H16N5O13P3/c11-8-5-9(13-2-12-8)15(3-14-5)10-7(17)6(16)4(26-10)1-25-30(21,22)28-31(23,24)27-29(18,19)20/h2-4,6-7,10,16-17H,1H2,(H,21,22)(H,23,24)(H2,11,12,13)(H2,18,19,20)/t4-,6-,7-,10-/m1/s1					False	publisher-reported processed metabolite result	not available: source MAF omits m/z and retention time	MetaboLights MTBLS2015 MAF: m_MTBLS2015_LC-MS_negative_hilic_metabolite_profiling_v2_maf.tsv
MTBLS2015:ROW:0056	MTBLS2015	102.100.100/50913	ECOLI-B36-RPMI	3-Phosphoglyceric acid	14271011	3-Phosphoglyceric acid	CHEBI:17050	C3H7O7P	OC(COP(O)(O)=O)C(O)=O	InChI=1S/C3H7O7P/c4-2(3(5)6)1-10-11(7,8)9/h2,4H,1H2,(H,5,6)(H2,7,8,9)					False	publisher-reported processed metabolite result	not available: source MAF omits m/z and retention time	MetaboLights MTBLS2015 MAF: m_MTBLS2015_LC-MS_negative_hilic_metabolite_profiling_v2_maf.tsv
MTBLS2015:ROW:0057	MTBLS2015	102.100.100/50913	ECOLI-B36-RPMI	3-Methyl-2-oxovaleric acid	30591	3-Methyl-2-oxovaleric acid	CHEBI:35932	C6H10O3	CCC(C)C(=O)C(O)=O	InChI=1S/C6H10O3/c1-3-4(2)5(7)6(8)9/h4H,3H2,1-2H3,(H,8,9)					False	publisher-reported processed metabolite result	not available: source MAF omits m/z and retention time	MetaboLights MTBLS2015 MAF: m_MTBLS2015_LC-MS_negative_hilic_metabolite_profiling_v2_maf.tsv
MTBLS2015:ROW:0058	MTBLS2015	102.100.100/50913	ECOLI-B36-RPMI	Cytidine monophosphate	1105370	Cytidine monophosphate	CHEBI:17361	C9H14N3O8P	Nc1ccn([C@@H]2O[C@H](COP(O)(O)=O)[C@@H](O)[C@H]2O)c(=O)n1	InChI=1S/C9H14N3O8P/c10-5-1-2-12(9(15)11-5)8-7(14)6(13)4(20-8)3-19-21(16,17)18/h1-2,4,6-8,13-14H,3H2,(H2,10,11,15)(H2,16,17,18)/t4-,6-,7-,8-/m1/s1					False	publisher-reported processed metabolite result	not available: source MAF omits m/z and retention time	MetaboLights MTBLS2015 MAF: m_MTBLS2015_LC-MS_negative_hilic_metabolite_profiling_v2_maf.tsv
MTBLS2015:ROW:0059	MTBLS2015	102.100.100/50913	ECOLI-B36-RPMI	N-Acetylglutamine	18232	N-Acetylglutamine	CHEBI:73685	C7H12N2O4	CC(=O)NC(CCC(N)=O)C(O)=O	InChI=1S/C7H12N2O4/c1-4(10)9-5(7(12)13)2-3-6(8)11/h5H,2-3H2,1H3,(H2,8,11)(H,9,10)(H,12,13)					False	publisher-reported processed metabolite result	not available: source MAF omits m/z and retention time	MetaboLights MTBLS2015 MAF: m_MTBLS2015_LC-MS_negative_hilic_metabolite_profiling_v2_maf.tsv
MTBLS2015:ROW:0060	MTBLS2015	102.100.100/50913	ECOLI-B36-RPMI	S-Adenosylhomocysteine	28656	S-Adenosylhomocysteine	CHEBI:16680	C14H20N6O5S	N[C@@H](CCSC[C@H]1O[C@H]([C@H](O)[C@@H]1O)n1cnc2c(N)ncnc12)C(O)=O	InChI=1S/C14H20N6O5S/c15-6(14(23)24)1-2-26-3-7-9(21)10(22)13(25-7)20-5-19-8-11(16)17-4-18-12(8)20/h4-7,9-10,13,21-22H,1-3,15H2,(H,23,24)(H2,16,17,18)/t6-,7+,9+,10+,13+/m0/s1					False	publisher-reported processed metabolite result	not available: source MAF omits m/z and retention time	MetaboLights MTBLS2015 MAF: m_MTBLS2015_LC-MS_negative_hilic_metabolite_profiling_v2_maf.tsv
MTBLS2015:ROW:0061	MTBLS2015	102.100.100/50913	ECOLI-B36-RPMI	Malonic acid	178151	Malonic acid	CHEBI:30794	C3H4O4	OC(=O)CC(O)=O	InChI=1S/C3H4O4/c4-2(5)1-3(6)7/h1H2,(H,4,5)(H,6,7)					False	publisher-reported processed metabolite result	not available: source MAF omits m/z and retention time	MetaboLights MTBLS2015 MAF: m_MTBLS2015_LC-MS_negative_hilic_metabolite_profiling_v2_maf.tsv
MTBLS2015:ROW:0062	MTBLS2015	102.100.100/50913	ECOLI-B36-RPMI	Oxidized glutathione	9585569	Oxidized glutathione	CHEBI:17858	C20H32N6O12S2	N[C@@H](CCC(=O)N[C@@H](CSSC[C@H](NC(=O)CC[C@H](N)C(O)=O)C(=O)NCC(O)=O)C(=O)NCC(O)=O)C(O)=O	InChI=1S/C20H32N6O12S2/c21-9(19(35)36)1-3-13(27)25-11(17(33)23-5-15(29)30)7-39-40-8-12(18(34)24-6-16(31)32)26-14(28)4-2-10(22)20(37)38/h9-12H,1-8,21-22H2,(H,23,33)(H,24,34)(H,25,27)(H,26,28)(H,29,30)(H,31,32)(H,35,36)(H,37,38)/t9-,10-,11-,12-/m0/s1					False	publisher-reported processed metabolite result	not available: source MAF omits m/z and retention time	MetaboLights MTBLS2015 MAF: m_MTBLS2015_LC-MS_negative_hilic_metabolite_profiling_v2_maf.tsv
MTBLS2015:ROW:0063	MTBLS2015	102.100.100/50913	ECOLI-B36-RPMI	Orotidine	1605665	Orotidine	CHEBI:25722	C10H12N2O8	OC[C@H]1O[C@H]([C@H](O)[C@@H]1O)n1c(cc(=O)[nH]c1=O)C(O)=O	InChI=1S/C10H12N2O8/c13-2-4-6(15)7(16)8(20-4)12-3(9(17)18)1-5(14)11-10(12)19/h1,4,6-8,13,15-16H,2H2,(H,17,18)(H,11,14,19)/t4-,6-,7-,8-/m1/s1					False	publisher-reported processed metabolite result	not available: source MAF omits m/z and retention time	MetaboLights MTBLS2015 MAF: m_MTBLS2015_LC-MS_negative_hilic_metabolite_profiling_v2_maf.tsv
MTBLS2015:ROW:0064	MTBLS2015	102.100.100/50913	ECOLI-B36-RPMI	dCMP	88667	dCMP	CHEBI:15918	C9H14N3O7P	Nc1ccn([C@H]2C[C@H](O)[C@@H](COP(O)(O)=O)O2)c(=O)n1	InChI=1S/C9H14N3O7P/c10-7-1-2-12(9(14)11-7)8-3-5(13)6(19-8)4-18-20(15,16)17/h1-2,5-6,8,13H,3-4H2,(H2,10,11,14)(H2,15,16,17)/t5-,6+,8+/m0/s1					False	publisher-reported processed metabolite result	not available: source MAF omits m/z and retention time	MetaboLights MTBLS2015 MAF: m_MTBLS2015_LC-MS_negative_hilic_metabolite_profiling_v2_maf.tsv
MTBLS2015:ROW:0065	MTBLS2015	102.100.100/50913	ECOLI-B36-RPMI	3-Aminoisobutanoic acid	33248	3-Aminoisobutanoic acid	CHEBI:27389	C4H9NO2	CC(CN)C(O)=O	InChI=1S/C4H9NO2/c1-3(2-5)4(6)7/h3H,2,5H2,1H3,(H,6,7)					False	publisher-reported processed metabolite result	not available: source MAF omits m/z and retention time	MetaboLights MTBLS2015 MAF: m_MTBLS2015_LC-MS_negative_hilic_metabolite_profiling_v2_maf.tsv
MTBLS2015:ROW:0066	MTBLS2015	102.100.100/50913	ECOLI-B36-RPMI	Butyric acid	168874	Butyric acid	CHEBI:30772	C4H8O2	CCCC(O)=O	InChI=1S/C4H8O2/c1-2-3-4(5)6/h2-3H2,1H3,(H,5,6)					False	publisher-reported processed metabolite result	not available: source MAF omits m/z and retention time	MetaboLights MTBLS2015 MAF: m_MTBLS2015_LC-MS_negative_hilic_metabolite_profiling_v2_maf.tsv
MTBLS2015:ROW:0067	MTBLS2015	102.100.100/50913	ECOLI-B36-RPMI	Glycerol	19532	Glycerol	CHEBI:17754	C3H8O3	OCC(O)CO	InChI=1S/C3H8O3/c4-1-3(6)2-5/h3-6H,1-2H2					False	publisher-reported processed metabolite result	not available: source MAF omits m/z and retention time	MetaboLights MTBLS2015 MAF: m_MTBLS2015_LC-MS_negative_hilic_metabolite_profiling_v2_maf.tsv
MTBLS2015:ROW:0068	MTBLS2015	102.100.100/50913	ECOLI-B36-RPMI	L-Tryptophan	48908	L-Tryptophan	CHEBI:16828	C11H12N2O2	N[C@@H](Cc1c[nH]c2ccccc12)C(O)=O	InChI=1S/C11H12N2O2/c12-9(11(14)15)5-7-6-13-10-4-2-1-3-8(7)10/h1-4,6,9,13H,5,12H2,(H,14,15)/t9-/m0/s1					False	publisher-reported processed metabolite result	not available: source MAF omits m/z and retention time	MetaboLights MTBLS2015 MAF: m_MTBLS2015_LC-MS_negative_hilic_metabolite_profiling_v2_maf.tsv
MTBLS2015:ROW:0069	MTBLS2015	102.100.100/50913	ECOLI-B36-RPMI	Deoxycytidine	6270	Deoxycytidine	CHEBI:15698	C9H13N3O4	Nc1ccn([C@H]2C[C@H](O)[C@@H](CO)O2)c(=O)n1	InChI=1S/C9H13N3O4/c10-7-1-2-12(9(15)11-7)8-3-5(14)6(4-13)16-8/h1-2,5-6,8,13-14H,3-4H2,(H2,10,11,15)/t5-,6+,8+/m0/s1					False	publisher-reported processed metabolite result	not available: source MAF omits m/z and retention time	MetaboLights MTBLS2015 MAF: m_MTBLS2015_LC-MS_negative_hilic_metabolite_profiling_v2_maf.tsv
MTBLS2015:ROW:0070	MTBLS2015	102.100.100/50913	ECOLI-B36-RPMI	Thiamine pyrophosphate	144699	Thiamine pyrophosphate	CHEBI:45931	C12H18N4O7P2S	CC1=C(CCOP(O)(=O)OP(O)([O-])=O)SC=[N+]1CC1=C(N)N=C(C)N=C1	InChI=1S/C12H18N4O7P2S/c1-8-11(3-4-22-25(20,21)23-24(17,18)19)26-7-16(8)6-10-5-14-9(2)15-12(10)13/h5,7H,3-4,6H2,1-2H3,(H4-,13,14,15,17,18,19,20,21)					False	publisher-reported processed metabolite result	not available: source MAF omits m/z and retention time	MetaboLights MTBLS2015 MAF: m_MTBLS2015_LC-MS_negative_hilic_metabolite_profiling_v2_maf.tsv
MTBLS2015:ROW:0071	MTBLS2015	102.100.100/50913	ECOLI-B36-RPMI	2-Methylcitric acid	164028	2-Methylcitric acid	CHEBI:30835	C7H10O7	CC(C(O)=O)C(O)(CC(O)=O)C(O)=O	InChI=1S/C7H10O7/c1-3(5(10)11)7(14,6(12)13)2-4(8)9/h3,14H,2H2,1H3,(H,8,9)(H,10,11)(H,12,13)					False	publisher-reported processed metabolite result	not available: source MAF omits m/z and retention time	MetaboLights MTBLS2015 MAF: m_MTBLS2015_LC-MS_negative_hilic_metabolite_profiling_v2_maf.tsv
MTBLS2015:ROW:0072	MTBLS2015	102.100.100/50913	ECOLI-B36-RPMI	Raffinose	408954	Raffinose	CHEBI:16634	C18H32O16	OC[C@H]1O[C@H](OC[C@H]2O[C@H](O[C@]3(CO)O[C@H](CO)[C@@H](O)[C@@H]3O)[C@H](O)[C@@H](O)[C@@H]2O)[C@H](O)[C@@H](O)[C@H]1O	InChI=1S/C18H32O16/c19-1-5-8(22)11(25)13(27)16(31-5)30-3-7-9(23)12(26)14(28)17(32-7)34-18(4-21)15(29)10(24)6(2-20)33-18/h5-17,19-29H,1-4H2/t5-,6-,7-,8+,9-,10-,11+,12+,13-,14-,15+,16+,17-,18+/m1/s1					False	publisher-reported processed metabolite result	not available: source MAF omits m/z and retention time	MetaboLights MTBLS2015 MAF: m_MTBLS2015_LC-MS_negative_hilic_metabolite_profiling_v2_maf.tsv
MTBLS2015:ROW:0073	MTBLS2015	102.100.100/50913	ECOLI-B36-RPMI	Caproic acid	335019	Caproic acid	CHEBI:30776	C6H12O2	CCCCCC(O)=O	InChI=1S/C6H12O2/c1-2-3-4-5-6(7)8/h2-5H2,1H3,(H,7,8)					False	publisher-reported processed metabolite result	not available: source MAF omits m/z and retention time	MetaboLights MTBLS2015 MAF: m_MTBLS2015_LC-MS_negative_hilic_metabolite_profiling_v2_maf.tsv
MTBLS2015:ROW:0074	MTBLS2015	102.100.100/50913	ECOLI-B36-RPMI	Adenine	1972578	Adenine	CHEBI:16708	C5H5N5	Nc1ncnc2[nH]cnc12	InChI=1S/C5H5N5/c6-4-3-5(9-1-7-3)10-2-8-4/h1-2H,(H3,6,7,8,9,10)					False	publisher-reported processed metabolite result	not available: source MAF omits m/z and retention time	MetaboLights MTBLS2015 MAF: m_MTBLS2015_LC-MS_negative_hilic_metabolite_profiling_v2_maf.tsv
MTBLS2015:ROW:0075	MTBLS2015	102.100.100/50913	ECOLI-B36-RPMI	NADH	2484	NADH	CHEBI:16908	C21H29N7O14P2	NC(=O)C1=CN(C=CC1)[C@@H]1O[C@H](COP(O)(=O)OP(O)(=O)OC[C@H]2O[C@H]([C@H](O)[C@@H]2O)n2cnc3c(N)ncnc23)[C@@H](O)[C@H]1O	InChI=1S/C21H29N7O14P2/c22-17-12-19(25-7-24-17)28(8-26-12)21-16(32)14(30)11(41-21)6-39-44(36,37)42-43(34,35)38-5-10-13(29)15(31)20(40-10)27-3-1-2-9(4-27)18(23)33/h1,3-4,7-8,10-11,13-16,20-21,29-32H,2,5-6H2,(H2,23,33)(H,34,35)(H,36,37)(H2,22,24,25)/t10-,11-,13-,14-,15-,16-,20-,21-/m1/s1					False	publisher-reported processed metabolite result	not available: source MAF omits m/z and retention time	MetaboLights MTBLS2015 MAF: m_MTBLS2015_LC-MS_negative_hilic_metabolite_profiling_v2_maf.tsv
MTBLS2015:ROW:0076	MTBLS2015	102.100.100/50913	ECOLI-B36-RPMI	Mannitol	68132	Mannitol	CHEBI:29864	C6H14O6							False	publisher-reported processed metabolite result	not available: source MAF omits m/z and retention time	MetaboLights MTBLS2015 MAF: m_MTBLS2015_LC-MS_negative_hilic_metabolite_profiling_v2_maf.tsv
MTBLS2015:ROW:0077	MTBLS2015	102.100.100/50913	ECOLI-B36-RPMI	5'-Methylthioadenosine	27287	5'-Methylthioadenosine	CHEBI:17509	C11H15N5O3S	CSC[C@H]1O[C@H]([C@H](O)[C@@H]1O)n1cnc2c(N)ncnc12	InChI=1S/C11H15N5O3S/c1-20-2-5-7(17)8(18)11(19-5)16-4-15-6-9(12)13-3-14-10(6)16/h3-5,7-8,11,17-18H,2H2,1H3,(H2,12,13,14)/t5-,7-,8-,11-/m1/s1					False	publisher-reported processed metabolite result	not available: source MAF omits m/z and retention time	MetaboLights MTBLS2015 MAF: m_MTBLS2015_LC-MS_negative_hilic_metabolite_profiling_v2_maf.tsv
MTBLS2015:ROW:0078	MTBLS2015	102.100.100/50913	ECOLI-B36-RPMI	Sulfolithocholic acid	14083	Sulfolithocholic acid	CHEBI:35421	C24H40O6S	C1[C@@]2([C@]3(CC[C@]4([C@]([C@@]3(CC[C@@]2(C[C@@H](C1)OS(O)(=O)=O)[H])[H])(CC[C@@]4([C@H](C)CCC(O)=O)[H])[H])C)[H])C	InChI=1S/C24H40O6S/c1-15(4-9-22(25)26)19-7-8-20-18-6-5-16-14-17(30-31(27,28)29)10-12-23(16,2)21(18)11-13-24(19,20)3/h15-21H,4-14H2,1-3H3,(H,25,26)(H,27,28,29)/t15-,16-,17-,18+,19-,20+,21+,23+,24-/m1/s1					False	publisher-reported processed metabolite result	not available: source MAF omits m/z and retention time	MetaboLights MTBLS2015 MAF: m_MTBLS2015_LC-MS_negative_hilic_metabolite_profiling_v2_maf.tsv
MTBLS2015:ROW:0079	MTBLS2015	102.100.100/50913	ECOLI-B36-RPMI	N6-Acetyl-L-lysine	17224	N6-Acetyl-L-lysine	CHEBI:17752	C8H16N2O3	CC(=O)NCCCC[C@H](N)C(O)=O	InChI=1S/C8H16N2O3/c1-6(11)10-5-3-2-4-7(9)8(12)13/h7H,2-5,9H2,1H3,(H,10,11)(H,12,13)/t7-/m0/s1					False	publisher-reported processed metabolite result	not available: source MAF omits m/z and retention time	MetaboLights MTBLS2015 MAF: m_MTBLS2015_LC-MS_negative_hilic_metabolite_profiling_v2_maf.tsv
MTBLS2015:ROW:0080	MTBLS2015	102.100.100/50913	ECOLI-B36-RPMI	Aminoadipic acid	5911536	Aminoadipic acid	CHEBI:37024	C6H11NO4	NC(CCCC(O)=O)C(O)=O	InChI=1S/C6H11NO4/c7-4(6(10)11)2-1-3-5(8)9/h4H,1-3,7H2,(H,8,9)(H,10,11)					False	publisher-reported processed metabolite result	not available: source MAF omits m/z and retention time	MetaboLights MTBLS2015 MAF: m_MTBLS2015_LC-MS_negative_hilic_metabolite_profiling_v2_maf.tsv
MTBLS2015:ROW:0081	MTBLS2015	102.100.100/50913	ECOLI-B36-RPMI	Pyrrolidonecarboxylic acid	4044363	Pyrrolidonecarboxylic acid	CHEBI:139123	C5H7NO3	O=C1N(CCC1)C(O)=O	InChI=1S/C5H7NO3/c7-4-2-1-3-6(4)5(8)9/h1-3H2,(H,8,9)					False	publisher-reported processed metabolite result	not available: source MAF omits m/z and retention time	MetaboLights MTBLS2015 MAF: m_MTBLS2015_LC-MS_negative_hilic_metabolite_profiling_v2_maf.tsv
MTBLS2015:ROW:0082	MTBLS2015	102.100.100/50913	ECOLI-B36-RPMI	Uridine 5'-monophosphate	1182629	Uridine 5'-monophosphate	CHEBI:16695	C9H13N2O9P	O[C@@H]1[C@@H](COP(O)(O)=O)O[C@H]([C@@H]1O)n1ccc(=O)[nH]c1=O	InChI=1S/C9H13N2O9P/c12-5-1-2-11(9(15)10-5)8-7(14)6(13)4(20-8)3-19-21(16,17)18/h1-2,4,6-8,13-14H,3H2,(H,10,12,15)(H2,16,17,18)/t4-,6-,7-,8-/m1/s1					False	publisher-reported processed metabolite result	not available: source MAF omits m/z and retention time	MetaboLights MTBLS2015 MAF: m_MTBLS2015_LC-MS_negative_hilic_metabolite_profiling_v2_maf.tsv
MTBLS2015:ROW:0083	MTBLS2015	102.100.100/50913	ECOLI-B36-RPMI	Vaccenic acid	230483	Vaccenic acid	CHEBI:36023	C18H34O2	[H]C(CCCCCC)=C([H])CCCCCCCCCC(O)=O	InChI=1S/C18H34O2/c1-2-3-4-5-6-7-8-9-10-11-12-13-14-15-16-17-18(19)20/h7-8H,2-6,9-17H2,1H3,(H,19,20)					False	publisher-reported processed metabolite result	not available: source MAF omits m/z and retention time	MetaboLights MTBLS2015 MAF: m_MTBLS2015_LC-MS_negative_hilic_metabolite_profiling_v2_maf.tsv
MTBLS2015:ROW:0084	MTBLS2015	102.100.100/50913	ECOLI-B36-RPMI	Ureidopropionic acid	4304	Ureidopropionic acid	CHEBI:18261	C4H8N2O3	NC(=O)NCCC(O)=O	InChI=1S/C4H8N2O3/c5-4(9)6-2-1-3(7)8/h1-2H2,(H,7,8)(H3,5,6,9)					False	publisher-reported processed metabolite result	not available: source MAF omits m/z and retention time	MetaboLights MTBLS2015 MAF: m_MTBLS2015_LC-MS_negative_hilic_metabolite_profiling_v2_maf.tsv
MTBLS2015:ROW:0085	MTBLS2015	102.100.100/50913	ECOLI-B36-RPMI	D-Glutamine	136125	D-Glutamine	CHEBI:17061	C5H10N2O3	O=C(O)[C@H](N)CCC(=O)N	InChI=1S/C5H10N2O3/c6-3(5(9)10)1-2-4(7)8/h3H,1-2,6H2,(H2,7,8)(H,9,10)/t3-/m1/s1					False	publisher-reported processed metabolite result	not available: source MAF omits m/z and retention time	MetaboLights MTBLS2015 MAF: m_MTBLS2015_LC-MS_negative_hilic_metabolite_profiling_v2_maf.tsv
MTBLS2015:ROW:0086	MTBLS2015	102.100.100/50913	ECOLI-B36-RPMI	3-Methylglutaconic acid	8549	3-Methylglutaconic acid	CHEBI:144330	C6H8O4	OC(=O)CC(C)=C(C(O)=O)[H]	InChI=1S/C6H8O4/c1-4(2-5(7)8)3-6(9)10/h2H,3H2,1H3,(H,7,8)(H,9,10)					False	publisher-reported processed metabolite result	not available: source MAF omits m/z and retention time	MetaboLights MTBLS2015 MAF: m_MTBLS2015_LC-MS_negative_hilic_metabolite_profiling_v2_maf.tsv
MTBLS2015:ROW:0087	MTBLS2015	102.100.100/50913	ECOLI-B36-RPMI	D-Ribose	79732	D-Ribose	CHEBI:16988	C5H10O5							False	publisher-reported processed metabolite result	not available: source MAF omits m/z and retention time	MetaboLights MTBLS2015 MAF: m_MTBLS2015_LC-MS_negative_hilic_metabolite_profiling_v2_maf.tsv
MTBLS2015:ROW:0088	MTBLS2015	102.100.100/50913	ECOLI-B36-RPMI	Gamma-Aminobutyric acid	2404969	Gamma-Aminobutyric acid	CHEBI:16865	C4H9NO2	NCCCC(O)=O	InChI=1S/C4H9NO2/c5-3-1-2-4(6)7/h1-3,5H2,(H,6,7)					False	publisher-reported processed metabolite result	not available: source MAF omits m/z and retention time	MetaboLights MTBLS2015 MAF: m_MTBLS2015_LC-MS_negative_hilic_metabolite_profiling_v2_maf.tsv
MTBLS2015:ROW:0089	MTBLS2015	102.100.100/50913	ECOLI-B36-RPMI	Succinic anhydride	1234669	Succinic anhydride	CHEBI:36595	C4H4O3	O=C1CCC(=O)O1	InChI=1S/C4H4O3/c5-3-1-2-4(6)7-3/h1-2H2					False	publisher-reported processed metabolite result	not available: source MAF omits m/z and retention time	MetaboLights MTBLS2015 MAF: m_MTBLS2015_LC-MS_negative_hilic_metabolite_profiling_v2_maf.tsv
MTBLS2015:ROW:0090	MTBLS2015	102.100.100/50913	ECOLI-B36-RPMI	Caprylic acid	314897	Caprylic acid	CHEBI:28837	C8H16O2	CCCCCCCC(O)=O	InChI=1S/C8H16O2/c1-2-3-4-5-6-7-8(9)10/h2-7H2,1H3,(H,9,10)					False	publisher-reported processed metabolite result	not available: source MAF omits m/z and retention time	MetaboLights MTBLS2015 MAF: m_MTBLS2015_LC-MS_negative_hilic_metabolite_profiling_v2_maf.tsv
MTBLS2015:ROW:0091	MTBLS2015	102.100.100/50913	ECOLI-B36-RPMI	Fumaric acid	2839032	Fumaric acid	CHEBI:18012	C4H4O4	OC(=O)\C=C\C(O)=O	InChI=1S/C4H4O4/c5-3(6)1-2-4(7)8/h1-2H,(H,5,6)(H,7,8)/b2-1+					False	publisher-reported processed metabolite result	not available: source MAF omits m/z and retention time	MetaboLights MTBLS2015 MAF: m_MTBLS2015_LC-MS_negative_hilic_metabolite_profiling_v2_maf.tsv
MTBLS2015:ROW:0092	MTBLS2015	102.100.100/50913	ECOLI-B36-RPMI	Glycerol 3-phosphate	9753	Glycerol 3-phosphate	CHEBI:15978	C3H9O6P	OC[C@@H](O)COP(O)(O)=O	InChI=1S/C3H9O6P/c4-1-3(5)2-9-10(6,7)8/h3-5H,1-2H2,(H2,6,7,8)/t3-/m1/s1					False	publisher-reported processed metabolite result	not available: source MAF omits m/z and retention time	MetaboLights MTBLS2015 MAF: m_MTBLS2015_LC-MS_negative_hilic_metabolite_profiling_v2_maf.tsv
MTBLS2015:ROW:0093	MTBLS2015	102.100.100/50913	ECOLI-B36-RPMI	Phytanic acid	10128	Phytanic acid	CHEBI:16285	C20H40O2	CC(C)CCCC(C)CCCC(C)CCCC(C)CC(O)=O	InChI=1S/C20H40O2/c1-16(2)9-6-10-17(3)11-7-12-18(4)13-8-14-19(5)15-20(21)22/h16-19H,6-15H2,1-5H3,(H,21,22)					False	publisher-reported processed metabolite result	not available: source MAF omits m/z and retention time	MetaboLights MTBLS2015 MAF: m_MTBLS2015_LC-MS_negative_hilic_metabolite_profiling_v2_maf.tsv
MTBLS2015:ROW:0094	MTBLS2015	102.100.100/50913	ECOLI-B36-RPMI	Threonic acid	4671	Threonic acid	CHEBI:26984	C4H8O5							False	publisher-reported processed metabolite result	not available: source MAF omits m/z and retention time	MetaboLights MTBLS2015 MAF: m_MTBLS2015_LC-MS_negative_hilic_metabolite_profiling_v2_maf.tsv
MTBLS2015:ROW:0095	MTBLS2015	102.100.100/50913	ECOLI-B36-RPMI	D-Galactose	392452	D-Galactose	CHEBI:12936	C6H12O6							False	publisher-reported processed metabolite result	not available: source MAF omits m/z and retention time	MetaboLights MTBLS2015 MAF: m_MTBLS2015_LC-MS_negative_hilic_metabolite_profiling_v2_maf.tsv
MTBLS2015:ROW:0096	MTBLS2015	102.100.100/50913	ECOLI-B36-RPMI	Pelargonic acid	631990	Pelargonic acid	CHEBI:29019	C9H18O2	CCCCCCCCC(O)=O	InChI=1S/C9H18O2/c1-2-3-4-5-6-7-8-9(10)11/h2-8H2,1H3,(H,10,11)					False	publisher-reported processed metabolite result	not available: source MAF omits m/z and retention time	MetaboLights MTBLS2015 MAF: m_MTBLS2015_LC-MS_negative_hilic_metabolite_profiling_v2_maf.tsv
MTBLS2015:ROW:0097	MTBLS2015	102.100.100/50913	ECOLI-B36-RPMI	Cellobiose	2005883	Cellobiose	CHEBI:17057	C12H22O11	OC[C@H]1O[C@@H](O[C@@H]2[C@@H](CO)OC(O)[C@H](O)[C@H]2O)[C@H](O)[C@@H](O)[C@@H]1O	InChI=1S/C12H22O11/c13-1-3-5(15)6(16)9(19)12(22-3)23-10-4(2-14)21-11(20)8(18)7(10)17/h3-20H,1-2H2/t3-,4-,5-,6+,7-,8-,9-,10-,11?,12+/m1/s1					False	publisher-reported processed metabolite result	not available: source MAF omits m/z and retention time	MetaboLights MTBLS2015 MAF: m_MTBLS2015_LC-MS_negative_hilic_metabolite_profiling_v2_maf.tsv
MTBLS2015:ROW:0098	MTBLS2015	102.100.100/50913	ECOLI-B36-RPMI	Glutaric acid	59164	Glutaric acid	CHEBI:17859	C5H8O4	OC(=O)CCCC(O)=O	InChI=1S/C5H8O4/c6-4(7)2-1-3-5(8)9/h1-3H2,(H,6,7)(H,8,9)					False	publisher-reported processed metabolite result	not available: source MAF omits m/z and retention time	MetaboLights MTBLS2015 MAF: m_MTBLS2015_LC-MS_negative_hilic_metabolite_profiling_v2_maf.tsv
MTBLS2015:ROW:0099	MTBLS2015	102.100.100/50913	ECOLI-B36-RPMI	Succinic acid	62143862	Succinic acid	CHEBI:15741	C4H6O4	OC(=O)CCC(O)=O	InChI=1S/C4H6O4/c5-3(6)1-2-4(7)8/h1-2H2,(H,5,6)(H,7,8)					False	publisher-reported processed metabolite result	not available: source MAF omits m/z and retention time	MetaboLights MTBLS2015 MAF: m_MTBLS2015_LC-MS_negative_hilic_metabolite_profiling_v2_maf.tsv
MTBLS2015:ROW:0100	MTBLS2015	102.100.100/50913	ECOLI-B36-RPMI	D-Glucose	364279	D-Glucose	CHEBI:17634	C6H12O6							False	publisher-reported processed metabolite result	not available: source MAF omits m/z and retention time	MetaboLights MTBLS2015 MAF: m_MTBLS2015_LC-MS_negative_hilic_metabolite_profiling_v2_maf.tsv
MTBLS2015:ROW:0101	MTBLS2015	102.100.100/50913	ECOLI-B36-RPMI	Alpha-D-Glucose	393492	Alpha-D-Glucose	CHEBI:17925	C6H12O6	OC[C@H]1O[C@H](O)[C@H](O)[C@@H](O)[C@@H]1O	InChI=1S/C6H12O6/c7-1-2-3(8)4(9)5(10)6(11)12-2/h2-11H,1H2/t2-,3-,4+,5-,6+/m1/s1					False	publisher-reported processed metabolite result	not available: source MAF omits m/z and retention time	MetaboLights MTBLS2015 MAF: m_MTBLS2015_LC-MS_negative_hilic_metabolite_profiling_v2_maf.tsv
MTBLS2015:ROW:0102	MTBLS2015	102.100.100/50913	ECOLI-B36-RPMI	Phosphoenolpyruvic acid	804819	Phosphoenolpyruvic acid	CHEBI:44897	C3H5O6P	OC(=O)C(=C)OP(O)(O)=O	InChI=1S/C3H5O6P/c1-2(3(4)5)9-10(6,7)8/h1H2,(H,4,5)(H2,6,7,8)					False	publisher-reported processed metabolite result	not available: source MAF omits m/z and retention time	MetaboLights MTBLS2015 MAF: m_MTBLS2015_LC-MS_negative_hilic_metabolite_profiling_v2_maf.tsv
MTBLS2015:ROW:0103	MTBLS2015	102.100.100/50913	ECOLI-B36-RPMI	Trehalose	2086660	Trehalose	CHEBI:27082	C12H22O11	OC[C@H]1OC(OC2O[C@H](CO)[C@@H](O)[C@H](O)[C@H]2O)[C@H](O)[C@@H](O)[C@@H]1O	InChI=1S/C12H22O11/c13-1-3-5(15)7(17)9(19)11(21-3)23-12-10(20)8(18)6(16)4(2-14)22-12/h3-20H,1-2H2/t3-,4-,5-,6-,7+,8+,9-,10-,11?,12?/m1/s1					False	publisher-reported processed metabolite result	not available: source MAF omits m/z and retention time	MetaboLights MTBLS2015 MAF: m_MTBLS2015_LC-MS_negative_hilic_metabolite_profiling_v2_maf.tsv
MTBLS2015:ROW:0104	MTBLS2015	102.100.100/50913	ECOLI-B36-RPMI	D-Maltose	4332671	D-Maltose	CHEBI:17306	C12H22O11	OC[C@H]1O[C@H](O[C@@H]2[C@@H](CO)OC(O)[C@H](O)[C@H]2O)[C@H](O)[C@@H](O)[C@@H]1O	InChI=1S/C12H22O11/c13-1-3-5(15)6(16)9(19)12(22-3)23-10-4(2-14)21-11(20)8(18)7(10)17/h3-20H,1-2H2/t3-,4-,5-,6+,7-,8-,9-,10-,11?,12-/m1/s1					False	publisher-reported processed metabolite result	not available: source MAF omits m/z and retention time	MetaboLights MTBLS2015 MAF: m_MTBLS2015_LC-MS_negative_hilic_metabolite_profiling_v2_maf.tsv
MTBLS2015:ROW:0105	MTBLS2015	102.100.100/50913	ECOLI-B36-RPMI	Acetoacetic acid	109395	Acetoacetic acid	CHEBI:15344	C4H6O3	CC(=O)CC(O)=O	InChI=1S/C4H6O3/c1-3(5)2-4(6)7/h2H2,1H3,(H,6,7)					False	publisher-reported processed metabolite result	not available: source MAF omits m/z and retention time	MetaboLights MTBLS2015 MAF: m_MTBLS2015_LC-MS_negative_hilic_metabolite_profiling_v2_maf.tsv
MTBLS2015:ROW:0106	MTBLS2015	102.100.100/50913	ECOLI-B36-RPMI	L-Glutamic acid	46176898	L-Glutamic acid	CHEBI:16015	C5H9NO4	N[C@@H](CCC(O)=O)C(O)=O	InChI=1S/C5H9NO4/c6-3(5(9)10)1-2-4(7)8/h3H,1-2,6H2,(H,7,8)(H,9,10)/t3-/m0/s1					False	publisher-reported processed metabolite result	not available: source MAF omits m/z and retention time	MetaboLights MTBLS2015 MAF: m_MTBLS2015_LC-MS_negative_hilic_metabolite_profiling_v2_maf.tsv
MTBLS2015:ROW:0107	MTBLS2015	102.100.100/50913	ECOLI-B36-RPMI	L-Sorbose	399859	L-Sorbose	CHEBI:17266	C6H12O6							False	publisher-reported processed metabolite result	not available: source MAF omits m/z and retention time	MetaboLights MTBLS2015 MAF: m_MTBLS2015_LC-MS_negative_hilic_metabolite_profiling_v2_maf.tsv
MTBLS2015:ROW:0108	MTBLS2015	102.100.100/50913	ECOLI-B36-RPMI	Glucose 1-phosphate	532694	Glucose 1-phosphate	CHEBI:16077	C6H13O9P	OC[C@H]1OC(OP(O)(O)=O)[C@H](O)[C@@H](O)[C@@H]1O	InChI=1S/C6H13O9P/c7-1-2-3(8)4(9)5(10)6(14-2)15-16(11,12)13/h2-10H,1H2,(H2,11,12,13)/t2-,3-,4+,5-,6?/m1/s1					False	publisher-reported processed metabolite result	not available: source MAF omits m/z and retention time	MetaboLights MTBLS2015 MAF: m_MTBLS2015_LC-MS_negative_hilic_metabolite_profiling_v2_maf.tsv
MTBLS2015:ROW:0109	MTBLS2015	102.100.100/50913	ECOLI-B36-RPMI	D-Glutamic acid	23550813	D-Glutamic acid	CHEBI:15966	C5H9NO4	N[C@H](CCC(O)=O)C(O)=O	InChI=1S/C5H9NO4/c6-3(5(9)10)1-2-4(7)8/h3H,1-2,6H2,(H,7,8)(H,9,10)/t3-/m1/s1					False	publisher-reported processed metabolite result	not available: source MAF omits m/z and retention time	MetaboLights MTBLS2015 MAF: m_MTBLS2015_LC-MS_negative_hilic_metabolite_profiling_v2_maf.tsv
MTBLS2015:ROW:0110	MTBLS2015	102.100.100/50913	ECOLI-B36-RPMI	N-Alpha-acetyllysine	43375	N-Alpha-acetyllysine	CHEBI:35704	C8H16N2O3	CC(=O)N[C@@H](CCCCN)C(O)=O	InChI=1S/C8H16N2O3/c1-6(11)10-7(8(12)13)4-2-3-5-9/h7H,2-5,9H2,1H3,(H,10,11)(H,12,13)/t7-/m0/s1					False	publisher-reported processed metabolite result	not available: source MAF omits m/z and retention time	MetaboLights MTBLS2015 MAF: m_MTBLS2015_LC-MS_negative_hilic_metabolite_profiling_v2_maf.tsv
MTBLS2015:ROW:0111	MTBLS2015	102.100.100/50913	ECOLI-B36-RPMI	D-Xylose	68153	D-Xylose	CHEBI:65327	C5H10O5							False	publisher-reported processed metabolite result	not available: source MAF omits m/z and retention time	MetaboLights MTBLS2015 MAF: m_MTBLS2015_LC-MS_negative_hilic_metabolite_profiling_v2_maf.tsv
MTBLS2015:ROW:0112	MTBLS2015	102.100.100/50913	ECOLI-B36-RPMI	D-Lactic acid	244688	D-Lactic acid	CHEBI:42111	C3H6O3	C[C@@H](O)C(O)=O	InChI=1S/C3H6O3/c1-2(4)3(5)6/h2,4H,1H3,(H,5,6)/t2-/m1/s1					False	publisher-reported processed metabolite result	not available: source MAF omits m/z and retention time	MetaboLights MTBLS2015 MAF: m_MTBLS2015_LC-MS_negative_hilic_metabolite_profiling_v2_maf.tsv
MTBLS2015:ROW:0113	MTBLS2015	102.100.100/50913	ECOLI-B36-RPMI	Alpha-Lactose	1988931	Alpha-Lactose	CHEBI:36219	C12H22O11	OC[C@H]1O[C@@H](O[C@@H]2[C@@H](CO)O[C@H](O)[C@H](O)[C@H]2O)[C@H](O)[C@@H](O)[C@H]1O	InChI=1S/C12H22O11/c13-1-3-5(15)6(16)9(19)12(22-3)23-10-4(2-14)21-11(20)8(18)7(10)17/h3-20H,1-2H2/t3-,4-,5+,6+,7-,8-,9-,10-,11+,12+/m1/s1					False	publisher-reported processed metabolite result	not available: source MAF omits m/z and retention time	MetaboLights MTBLS2015 MAF: m_MTBLS2015_LC-MS_negative_hilic_metabolite_profiling_v2_maf.tsv
MTBLS2015:ROW:0114	MTBLS2015	102.100.100/50913	ECOLI-B36-RPMI	Dodecanoic acid	98581	Dodecanoic acid	CHEBI:30805	C12H24O2	CCCCCCCCCCCC(O)=O	InChI=1S/C12H24O2/c1-2-3-4-5-6-7-8-9-10-11-12(13)14/h2-11H2,1H3,(H,13,14)					False	publisher-reported processed metabolite result	not available: source MAF omits m/z and retention time	MetaboLights MTBLS2015 MAF: m_MTBLS2015_LC-MS_negative_hilic_metabolite_profiling_v2_maf.tsv
MTBLS2015:ROW:0115	MTBLS2015	102.100.100/50913	ECOLI-B36-RPMI	Dihydroxyacetone	241328	Dihydroxyacetone	CHEBI:16016	C3H6O3	C(CO)(CO)=O	InChI=1S/C3H6O3/c4-1-3(6)2-5/h4-5H,1-2H2					False	publisher-reported processed metabolite result	not available: source MAF omits m/z and retention time	MetaboLights MTBLS2015 MAF: m_MTBLS2015_LC-MS_negative_hilic_metabolite_profiling_v2_maf.tsv
MTBLS2015:ROW:0116	MTBLS2015	102.100.100/50913	ECOLI-B36-RPMI	Hexadecanedioic acid	987	Hexadecanedioic acid	CHEBI:73722	C16H30O4	OC(=O)CCCCCCCCCCCCCCC(O)=O	InChI=1S/C16H30O4/c17-15(18)13-11-9-7-5-3-1-2-4-6-8-10-12-14-16(19)20/h1-14H2,(H,17,18)(H,19,20)					False	publisher-reported processed metabolite result	not available: source MAF omits m/z and retention time	MetaboLights MTBLS2015 MAF: m_MTBLS2015_LC-MS_negative_hilic_metabolite_profiling_v2_maf.tsv
MTBLS2015:ROW:0117	MTBLS2015	102.100.100/50913	ECOLI-B36-RPMI	Glyceraldehyde	236616	Glyceraldehyde	CHEBI:5445	C3H6O3	[H]C(=O)C(O)CO	InChI=1S/C3H6O3/c4-1-3(6)2-5/h1,3,5-6H,2H2					False	publisher-reported processed metabolite result	not available: source MAF omits m/z and retention time	MetaboLights MTBLS2015 MAF: m_MTBLS2015_LC-MS_negative_hilic_metabolite_profiling_v2_maf.tsv
MTBLS2015:ROW:0118	MTBLS2015	102.100.100/50913	ECOLI-B36-RPMI	D-Lysine	37367	D-Lysine	CHEBI:16855	C6H14N2O2	NCCCC[C@@H](N)C(O)=O	InChI=1S/C6H14N2O2/c7-4-2-1-3-5(8)6(9)10/h5H,1-4,7-8H2,(H,9,10)/t5-/m1/s1					False	publisher-reported processed metabolite result	not available: source MAF omits m/z and retention time	MetaboLights MTBLS2015 MAF: m_MTBLS2015_LC-MS_negative_hilic_metabolite_profiling_v2_maf.tsv
MTBLS2015:ROW:0119	MTBLS2015	102.100.100/50913	ECOLI-B36-RPMI	Guanine	16855	Guanine	CHEBI:16235	C5H5N5O	C12=C(N=C(NC1=O)N)NC=N2	InChI=1S/C5H5N5O/c6-5-9-3-2(4(11)10-5)7-1-8-3/h1H,(H4,6,7,8,9,10,11)					False	publisher-reported processed metabolite result	not available: source MAF omits m/z and retention time	MetaboLights MTBLS2015 MAF: m_MTBLS2015_LC-MS_negative_hilic_metabolite_profiling_v2_maf.tsv
MTBLS2015:ROW:0120	MTBLS2015	102.100.100/50913	ECOLI-B36-RPMI	L-Allothreonine	155176	L-Allothreonine	CHEBI:28718	C4H9NO3	C([C@H]([C@@H](O)C)N)(=O)O	InChI=1S/C4H9NO3/c1-2(6)3(5)4(7)8/h2-3,6H,5H2,1H3,(H,7,8)/t2-,3-/m0/s1					False	publisher-reported processed metabolite result	not available: source MAF omits m/z and retention time	MetaboLights MTBLS2015 MAF: m_MTBLS2015_LC-MS_negative_hilic_metabolite_profiling_v2_maf.tsv
MTBLS2015:ROW:0121	MTBLS2015	102.100.100/50913	ECOLI-B36-RPMI	Oleic acid	186891	Oleic acid	CHEBI:16196	C18H34O2	CCCCCCCC\C=C/CCCCCCCC(O)=O	InChI=1S/C18H34O2/c1-2-3-4-5-6-7-8-9-10-11-12-13-14-15-16-17-18(19)20/h9-10H,2-8,11-17H2,1H3,(H,19,20)/b10-9-					False	publisher-reported processed metabolite result	not available: source MAF omits m/z and retention time	MetaboLights MTBLS2015 MAF: m_MTBLS2015_LC-MS_negative_hilic_metabolite_profiling_v2_maf.tsv
MTBLS2015:ROW:0122	MTBLS2015	102.100.100/50913	ECOLI-B36-RPMI	N-Acetyl-L-phenylalanine	47147	N-Acetyl-L-phenylalanine	CHEBI:16259	C11H13NO3	CC(=O)N[C@@H](Cc1ccccc1)C(O)=O	InChI=1S/C11H13NO3/c1-8(13)12-10(11(14)15)7-9-5-3-2-4-6-9/h2-6,10H,7H2,1H3,(H,12,13)(H,14,15)/t10-/m0/s1					False	publisher-reported processed metabolite result	not available: source MAF omits m/z and retention time	MetaboLights MTBLS2015 MAF: m_MTBLS2015_LC-MS_negative_hilic_metabolite_profiling_v2_maf.tsv
MTBLS2015:ROW:0123	MTBLS2015	102.100.100/50913	ECOLI-B36-RPMI	Heptadecanoic acid	63139	Heptadecanoic acid	CHEBI:32365	C17H34O2	CCCCCCCCCCCCCCCCC(O)=O	InChI=1S/C17H34O2/c1-2-3-4-5-6-7-8-9-10-11-12-13-14-15-16-17(18)19/h2-16H2,1H3,(H,18,19)					False	publisher-reported processed metabolite result	not available: source MAF omits m/z and retention time	MetaboLights MTBLS2015 MAF: m_MTBLS2015_LC-MS_negative_hilic_metabolite_profiling_v2_maf.tsv
MTBLS2015:ROW:0124	MTBLS2015	102.100.100/50913	ECOLI-B36-RPMI	Urocanic acid	59034	Urocanic acid	CHEBI:27248	C6H6N2O2	[H]C(=C([H])c1c[nH]cn1)C(O)=O	InChI=1S/C6H6N2O2/c9-6(10)2-1-5-3-7-4-8-5/h1-4H,(H,7,8)(H,9,10)					False	publisher-reported processed metabolite result	not available: source MAF omits m/z and retention time	MetaboLights MTBLS2015 MAF: m_MTBLS2015_LC-MS_negative_hilic_metabolite_profiling_v2_maf.tsv
MTBLS2015:ROW:0125	MTBLS2015	102.100.100/50913	ECOLI-B36-RPMI	Uridine diphosphate-N-acetylglucosamine	363862	Uridine diphosphate-N-acetylglucosamine	CHEBI:16264	C17H27N3O17P2	CC(=O)N[C@@H]1[C@@H](O)[C@H](O)[C@@H](CO)O[C@@H]1OP(O)(=O)OP(O)(=O)OC[C@H]1O[C@H]([C@H](O)[C@@H]1O)n1ccc(=O)[nH]c1=O	InChI=1S/C17H27N3O17P2/c1-6(22)18-10-13(26)11(24)7(4-21)35-16(10)36-39(31,32)37-38(29,30)33-5-8-12(25)14(27)15(34-8)20-3-2-9(23)19-17(20)28/h2-3,7-8,10-16,21,24-27H,4-5H2,1H3,(H,18,22)(H,29,30)(H,31,32)(H,19,23,28)/t7-,8-,10-,11-,12-,13-,14-,15-,16-/m1/s1					False	publisher-reported processed metabolite result	not available: source MAF omits m/z and retention time	MetaboLights MTBLS2015 MAF: m_MTBLS2015_LC-MS_negative_hilic_metabolite_profiling_v2_maf.tsv
MTBLS2015:ROW:0126	MTBLS2015	102.100.100/50913	ECOLI-B36-RPMI	Glutaconic acid	7801	Glutaconic acid	CHEBI:24309	C5H6O4	[H]C(CC(O)=O)=CC(O)=O	InChI=1S/C5H6O4/c6-4(7)2-1-3-5(8)9/h1-2H,3H2,(H,6,7)(H,8,9)					False	publisher-reported processed metabolite result	not available: source MAF omits m/z and retention time	MetaboLights MTBLS2015 MAF: m_MTBLS2015_LC-MS_negative_hilic_metabolite_profiling_v2_maf.tsv
MTBLS2015:ROW:0127	MTBLS2015	102.100.100/50913	ECOLI-B36-RPMI	Phthalic acid	183488	Phthalic acid	CHEBI:29069	C8H6O4	OC(=O)c1ccccc1C(O)=O	InChI=1S/C8H6O4/c9-7(10)5-3-1-2-4-6(5)8(11)12/h1-4H,(H,9,10)(H,11,12)					False	publisher-reported processed metabolite result	not available: source MAF omits m/z and retention time	MetaboLights MTBLS2015 MAF: m_MTBLS2015_LC-MS_negative_hilic_metabolite_profiling_v2_maf.tsv
MTBLS2015:ROW:0128	MTBLS2015	102.100.100/50913	ECOLI-B36-RPMI	Allose	26998	Allose	CHEBI:37690	C6H12O6							False	publisher-reported processed metabolite result	not available: source MAF omits m/z and retention time	MetaboLights MTBLS2015 MAF: m_MTBLS2015_LC-MS_negative_hilic_metabolite_profiling_v2_maf.tsv
MTBLS2015:ROW:0129	MTBLS2015	102.100.100/50913	ECOLI-B36-RPMI	ADP	1080542	ADP	CHEBI:16761	C10H15N5O10P2	Nc1ncnc2n(cnc12)[C@@H]1O[C@H](COP(O)(=O)OP(O)(O)=O)[C@@H](O)[C@H]1O	InChI=1S/C10H15N5O10P2/c11-8-5-9(13-2-12-8)15(3-14-5)10-7(17)6(16)4(24-10)1-23-27(21,22)25-26(18,19)20/h2-4,6-7,10,16-17H,1H2,(H,21,22)(H2,11,12,13)(H2,18,19,20)/t4-,6-,7-,10-/m1/s1					False	publisher-reported processed metabolite result	not available: source MAF omits m/z and retention time	MetaboLights MTBLS2015 MAF: m_MTBLS2015_LC-MS_negative_hilic_metabolite_profiling_v2_maf.tsv
MTBLS2015:ROW:0130	MTBLS2015	102.100.100/50913	ECOLI-B36-RPMI	myo-Inositol	31604	myo-Inositol	CHEBI:17268	C6H12O6	O[C@H]1[C@H](O)[C@@H](O)[C@H](O)[C@H](O)[C@@H]1O	InChI=1S/C6H12O6/c7-1-2(8)4(10)6(12)5(11)3(1)9/h1-12H/t1-,2-,3-,4+,5-,6-					False	publisher-reported processed metabolite result	not available: source MAF omits m/z and retention time	MetaboLights MTBLS2015 MAF: m_MTBLS2015_LC-MS_negative_hilic_metabolite_profiling_v2_maf.tsv
MTBLS2015:ROW:0131	MTBLS2015	102.100.100/50913	ECOLI-B36-RPMI	L-Threonine	68434	L-Threonine	CHEBI:16857	C4H9NO3	C[C@@H](O)[C@H](N)C(O)=O	InChI=1S/C4H9NO3/c1-2(6)3(5)4(7)8/h2-3,6H,5H2,1H3,(H,7,8)/t2-,3+/m1/s1					False	publisher-reported processed metabolite result	not available: source MAF omits m/z and retention time	MetaboLights MTBLS2015 MAF: m_MTBLS2015_LC-MS_negative_hilic_metabolite_profiling_v2_maf.tsv
MTBLS2015:ROW:0132	MTBLS2015	102.100.100/50913	ECOLI-B36-RPMI	Citric acid	115573	Citric acid	CHEBI:30769	C6H8O7	OC(=O)CC(O)(CC(O)=O)C(O)=O	InChI=1S/C6H8O7/c7-3(8)1-6(13,5(11)12)2-4(9)10/h13H,1-2H2,(H,7,8)(H,9,10)(H,11,12)					False	publisher-reported processed metabolite result	not available: source MAF omits m/z and retention time	MetaboLights MTBLS2015 MAF: m_MTBLS2015_LC-MS_negative_hilic_metabolite_profiling_v2_maf.tsv
MTBLS2015:ROW:0133	MTBLS2015	102.100.100/50913	ECOLI-B36-RPMI	NADP	104069	NADPH	CHEBI:16474	C21H30N7O17P3	NC(=O)C1=CN(C=CC1)[C@@H]1O[C@H](COP(O)(=O)OP(O)(=O)OC[C@H]2O[C@H]([C@H](OP(O)(O)=O)[C@@H]2O)n2cnc3c(N)ncnc23)[C@@H](O)[C@H]1O	InChI=1S/C21H30N7O17P3/c22-17-12-19(25-7-24-17)28(8-26-12)21-16(44-46(33,34)35)14(30)11(43-21)6-41-48(38,39)45-47(36,37)40-5-10-13(29)15(31)20(42-10)27-3-1-2-9(4-27)18(23)32/h1,3-4,7-8,10-11,13-16,20-21,29-31H,2,5-6H2,(H2,23,32)(H,36,37)(H,38,39)(H2,22,24,25)(H2,33,34,35)/t10-,11-,13-,14-,15-,16-,20-,21-/m1/s1					False	publisher-reported processed metabolite result	not available: source MAF omits m/z and retention time	MetaboLights MTBLS2015 MAF: m_MTBLS2015_LC-MS_negative_hilic_metabolite_profiling_v2_maf.tsv
MTBLS2015:ROW:0134	MTBLS2015	102.100.100/50913	ECOLI-B36-RPMI	Pentadecanoic acid	87650	Pentadecanoic acid	CHEBI:42504	C15H30O2	CCCCCCCCCCCCCCC(O)=O	InChI=1S/C15H30O2/c1-2-3-4-5-6-7-8-9-10-11-12-13-14-15(16)17/h2-14H2,1H3,(H,16,17)					False	publisher-reported processed metabolite result	not available: source MAF omits m/z and retention time	MetaboLights MTBLS2015 MAF: m_MTBLS2015_LC-MS_negative_hilic_metabolite_profiling_v2_maf.tsv
MTBLS2015:ROW:0135	MTBLS2015	102.100.100/50913	ECOLI-B36-RPMI	Malic acid	18981471	Malic acid	CHEBI:6650	C4H6O5	OC(CC(O)=O)C(O)=O	InChI=1S/C4H6O5/c5-2(4(8)9)1-3(6)7/h2,5H,1H2,(H,6,7)(H,8,9)					False	publisher-reported processed metabolite result	not available: source MAF omits m/z and retention time	MetaboLights MTBLS2015 MAF: m_MTBLS2015_LC-MS_negative_hilic_metabolite_profiling_v2_maf.tsv
MTBLS2015:ROW:0136	MTBLS2015	102.100.100/50913	ECOLI-B36-RPMI	Oxalic acid	62426	Oxalic acid	CHEBI:16995	C2H2O4	OC(=O)C(O)=O	InChI=1S/C2H2O4/c3-1(4)2(5)6/h(H,3,4)(H,5,6)					False	publisher-reported processed metabolite result	not available: source MAF omits m/z and retention time	MetaboLights MTBLS2015 MAF: m_MTBLS2015_LC-MS_negative_hilic_metabolite_profiling_v2_maf.tsv
MTBLS2015:ROW:0137	MTBLS2015	102.100.100/50913	ECOLI-B36-RPMI	L-Histidine	45630	L-Histidine	CHEBI:15971	C6H9N3O2	N[C@@H](Cc1c[nH]cn1)C(O)=O	InChI=1S/C6H9N3O2/c7-5(6(10)11)1-4-2-8-3-9-4/h2-3,5H,1,7H2,(H,8,9)(H,10,11)/t5-/m0/s1					False	publisher-reported processed metabolite result	not available: source MAF omits m/z and retention time	MetaboLights MTBLS2015 MAF: m_MTBLS2015_LC-MS_negative_hilic_metabolite_profiling_v2_maf.tsv
MTBLS2015:ROW:0138	MTBLS2015	102.100.100/50913	ECOLI-B36-RPMI	L-Malic acid	37786447	L-Malic acid	CHEBI:30797	C4H6O5	O[C@@H](CC(O)=O)C(O)=O	InChI=1S/C4H6O5/c5-2(4(8)9)1-3(6)7/h2,5H,1H2,(H,6,7)(H,8,9)/t2-/m0/s1					False	publisher-reported processed metabolite result	not available: source MAF omits m/z and retention time	MetaboLights MTBLS2015 MAF: m_MTBLS2015_LC-MS_negative_hilic_metabolite_profiling_v2_maf.tsv
MTBLS2015:ROW:0139	MTBLS2015	102.100.100/50913	ECOLI-B36-RPMI	Adenosine 2',3'-cyclic phosphate	22424	Adenosine 2',3'-cyclic phosphate	CHEBI:175195	C10H12N5O6P	P1(OC2C(O1)C(OC2N3C4=NC=NC(N)=C4N=C3)CO)(O)=O	InChI=1S/C10H12N5O6P/c11-8-5-9(13-2-12-8)15(3-14-5)10-7-6(4(1-16)19-10)20-22(17,18)21-7/h2-4,6-7,10,16H,1H2,(H,17,18)(H2,11,12,13)					False	publisher-reported processed metabolite result	not available: source MAF omits m/z and retention time	MetaboLights MTBLS2015 MAF: m_MTBLS2015_LC-MS_negative_hilic_metabolite_profiling_v2_maf.tsv
MTBLS2015:ROW:0140	MTBLS2015	102.100.100/50913	ECOLI-B36-RPMI	Uridine 5'-diphosphate	588208	Uridine 5'-diphosphate	CHEBI:17659	C9H14N2O12P2	O[C@@H]1[C@@H](COP(O)(=O)OP(O)(O)=O)O[C@H]([C@@H]1O)n1ccc(=O)[nH]c1=O	InChI=1S/C9H14N2O12P2/c12-5-1-2-11(9(15)10-5)8-7(14)6(13)4(22-8)3-21-25(19,20)23-24(16,17)18/h1-2,4,6-8,13-14H,3H2,(H,19,20)(H,10,12,15)(H2,16,17,18)/t4-,6-,7-,8-/m1/s1					False	publisher-reported processed metabolite result	not available: source MAF omits m/z and retention time	MetaboLights MTBLS2015 MAF: m_MTBLS2015_LC-MS_negative_hilic_metabolite_profiling_v2_maf.tsv
MTBLS2015:ROW:0141	MTBLS2015	102.100.100/50913	ECOLI-B36-RPMI	1,5-Anhydrosorbitol	8268	1,5-Anhydrosorbitol	CHEBI:16070	C6H12O5	OC[C@H]1OC[C@H](O)[C@@H](O)[C@@H]1O	InChI=1S/C6H12O5/c7-1-4-6(10)5(9)3(8)2-11-4/h3-10H,1-2H2/t3-,4+,5+,6+/m0/s1					False	publisher-reported processed metabolite result	not available: source MAF omits m/z and retention time	MetaboLights MTBLS2015 MAF: m_MTBLS2015_LC-MS_negative_hilic_metabolite_profiling_v2_maf.tsv
MTBLS2015:ROW:0142	MTBLS2015	102.100.100/50913	ECOLI-B36-RPMI	Pterin	37322	Pterin	CHEBI:26374	C6H5N5O							False	publisher-reported processed metabolite result	not available: source MAF omits m/z and retention time	MetaboLights MTBLS2015 MAF: m_MTBLS2015_LC-MS_negative_hilic_metabolite_profiling_v2_maf.tsv
MTBLS2015:ROW:0143	MTBLS2015	102.100.100/50913	ECOLI-B36-RPMI	Myristic acid	123020	Myristic acid	CHEBI:28875	C14H28O2	CCCCCCCCCCCCCC(O)=O	InChI=1S/C14H28O2/c1-2-3-4-5-6-7-8-9-10-11-12-13-14(15)16/h2-13H2,1H3,(H,15,16)					False	publisher-reported processed metabolite result	not available: source MAF omits m/z and retention time	MetaboLights MTBLS2015 MAF: m_MTBLS2015_LC-MS_negative_hilic_metabolite_profiling_v2_maf.tsv
MTBLS2015:ROW:0144	MTBLS2015	102.100.100/50913	ECOLI-B36-RPMI	5-Aminopentanoic acid	85335	5-Aminopentanoic acid	CHEBI:15887	C5H11NO2	NCCCCC(O)=O	InChI=1S/C5H11NO2/c6-4-2-1-3-5(7)8/h1-4,6H2,(H,7,8)					False	publisher-reported processed metabolite result	not available: source MAF omits m/z and retention time	MetaboLights MTBLS2015 MAF: m_MTBLS2015_LC-MS_negative_hilic_metabolite_profiling_v2_maf.tsv
MTBLS2015:ROW:0145	MTBLS2015	102.100.100/50913	ECOLI-B36-RPMI	Oxoglutaric acid	701372	Oxoglutaric acid	CHEBI:30915	C5H6O5	OC(=O)CCC(=O)C(O)=O	InChI=1S/C5H6O5/c6-3(5(9)10)1-2-4(7)8/h1-2H2,(H,7,8)(H,9,10)					False	publisher-reported processed metabolite result	not available: source MAF omits m/z and retention time	MetaboLights MTBLS2015 MAF: m_MTBLS2015_LC-MS_negative_hilic_metabolite_profiling_v2_maf.tsv
MTBLS2015:ROW:0146	MTBLS2015	102.100.100/50913	ECOLI-B36-RPMI	Uridine diphosphate glucose	1286266	Uridine diphosphate glucose	CHEBI:18066	C15H24N2O17P2	OC[C@H]1OC(OP(O)(=O)OP(O)(=O)OC[C@H]2O[C@H]([C@H](O)[C@@H]2O)n2ccc(=O)[nH]c2=O)[C@H](O)[C@@H](O)[C@@H]1O	InChI=1S/C15H24N2O17P2/c18-3-5-8(20)10(22)12(24)14(32-5)33-36(28,29)34-35(26,27)30-4-6-9(21)11(23)13(31-6)17-2-1-7(19)16-15(17)25/h1-2,5-6,8-14,18,20-24H,3-4H2,(H,26,27)(H,28,29)(H,16,19,25)/t5-,6-,8-,9-,10+,11-,12-,13-,14?/m1/s1					False	publisher-reported processed metabolite result	not available: source MAF omits m/z and retention time	MetaboLights MTBLS2015 MAF: m_MTBLS2015_LC-MS_negative_hilic_metabolite_profiling_v2_maf.tsv
MTBLS2015:ROW:0147	MTBLS2015	102.100.100/50913	ECOLI-B36-RPMI	Citraconic acid	18293	Citraconic acid	CHEBI:17626	C5H6O4	C\C(=C\C(O)=O)C(O)=O	InChI=1S/C5H6O4/c1-3(5(8)9)2-4(6)7/h2H,1H3,(H,6,7)(H,8,9)/b3-2-					False	publisher-reported processed metabolite result	not available: source MAF omits m/z and retention time	MetaboLights MTBLS2015 MAF: m_MTBLS2015_LC-MS_negative_hilic_metabolite_profiling_v2_maf.tsv
MTBLS2015:ROW:0148	MTBLS2015	102.100.100/50913	ECOLI-B36-RPMI	Uridine diphosphategalactose	634559	Uridine diphosphategalactose	CHEBI:18307	C15H24N2O17P2	OC[C@H]1OC(OP(O)(=O)OP(O)(=O)OC[C@H]2O[C@H]([C@H](O)[C@@H]2O)n2ccc(=O)[nH]c2=O)[C@H](O)[C@@H](O)[C@H]1O	InChI=1S/C15H24N2O17P2/c18-3-5-8(20)10(22)12(24)14(32-5)33-36(28,29)34-35(26,27)30-4-6-9(21)11(23)13(31-6)17-2-1-7(19)16-15(17)25/h1-2,5-6,8-14,18,20-24H,3-4H2,(H,26,27)(H,28,29)(H,16,19,25)/t5-,6-,8+,9-,10+,11-,12-,13-,14?/m1/s1					False	publisher-reported processed metabolite result	not available: source MAF omits m/z and retention time	MetaboLights MTBLS2015 MAF: m_MTBLS2015_LC-MS_negative_hilic_metabolite_profiling_v2_maf.tsv
MTBLS2015:ROW:0149	MTBLS2015	102.100.100/50913	ECOLI-B36-RPMI	Beta-Alanine	11942	beta-Alanine	CHEBI:16958	C3H7NO2	NCCC(O)=O	InChI=1S/C3H7NO2/c4-2-1-3(5)6/h1-2,4H2,(H,5,6)					False	publisher-reported processed metabolite result	not available: source MAF omits m/z and retention time	MetaboLights MTBLS2015 MAF: m_MTBLS2015_LC-MS_negative_hilic_metabolite_profiling_v2_maf.tsv
MTBLS2015:ROW:0150	MTBLS2015	102.100.100/50913	ECOLI-B36-RPMI	L-Aspartic acid	298929	L-Aspartic acid	CHEBI:17053	C4H7NO4	N[C@@H](CC(O)=O)C(O)=O	InChI=1S/C4H7NO4/c5-2(4(8)9)1-3(6)7/h2H,1,5H2,(H,6,7)(H,8,9)/t2-/m0/s1					False	publisher-reported processed metabolite result	not available: source MAF omits m/z and retention time	MetaboLights MTBLS2015 MAF: m_MTBLS2015_LC-MS_negative_hilic_metabolite_profiling_v2_maf.tsv
MTBLS2015:ROW:0151	MTBLS2015	102.100.100/50913	ECOLI-B36-RPMI	Dihydroxyacetone phosphate	33956	Dihydroxyacetone phosphate	CHEBI:16108	C3H7O6P	OCC(=O)COP(O)(O)=O	InChI=1S/C3H7O6P/c4-1-3(5)2-9-10(6,7)8/h4H,1-2H2,(H2,6,7,8)					False	publisher-reported processed metabolite result	not available: source MAF omits m/z and retention time	MetaboLights MTBLS2015 MAF: m_MTBLS2015_LC-MS_negative_hilic_metabolite_profiling_v2_maf.tsv
MTBLS2015:ROW:0152	MTBLS2015	102.100.100/50913	ECOLI-B36-RPMI	FAD	121300	FAD	CHEBI:16238	C27H33N9O15P2	Cc1cc2nc3c(nc(=O)[nH]c3=O)n(C[C@H](O)[C@H](O)[C@H](O)COP(O)(=O)OP(O)(=O)OC[C@H]3O[C@H]([C@H](O)[C@@H]3O)n3cnc4c(N)ncnc34)c2cc1C	InChI=1S/C27H33N9O15P2/c1-10-3-12-13(4-11(10)2)35(24-18(32-12)25(42)34-27(43)33-24)5-14(37)19(39)15(38)6-48-52(44,45)51-53(46,47)49-7-16-20(40)21(41)26(50-16)36-9-31-17-22(28)29-8-30-23(17)36/h3-4,8-9,14-16,19-21,26,37-41H,5-7H2,1-2H3,(H,44,45)(H,46,47)(H2,28,29,30)(H,34,42,43)/t14-,15+,16+,19-,20+,21+,26+/m0/s1					False	publisher-reported processed metabolite result	not available: source MAF omits m/z and retention time	MetaboLights MTBLS2015 MAF: m_MTBLS2015_LC-MS_negative_hilic_metabolite_profiling_v2_maf.tsv
MTBLS2015:ROW:0153	MTBLS2015	102.100.100/50913	ECOLI-B36-RPMI	D-Aspartic acid	149640	D-Aspartic acid	CHEBI:17364	C4H7NO4	N[C@H](CC(O)=O)C(O)=O	InChI=1S/C4H7NO4/c5-2(4(8)9)1-3(6)7/h2H,1,5H2,(H,6,7)(H,8,9)/t2-/m1/s1					False	publisher-reported processed metabolite result	not available: source MAF omits m/z and retention time	MetaboLights MTBLS2015 MAF: m_MTBLS2015_LC-MS_negative_hilic_metabolite_profiling_v2_maf.tsv
MTBLS2015:ROW:0154	MTBLS2015	102.100.100/50913	ECOLI-B36-RPMI	N-Acetylglutamic acid	6007571	N-Acetylglutamic acid	CHEBI:17533	C7H11NO5	CC(=O)N[C@@H](CCC(O)=O)C(O)=O	InChI=1S/C7H11NO5/c1-4(9)8-5(7(12)13)2-3-6(10)11/h5H,2-3H2,1H3,(H,8,9)(H,10,11)(H,12,13)/t5-/m0/s1					False	publisher-reported processed metabolite result	not available: source MAF omits m/z and retention time	MetaboLights MTBLS2015 MAF: m_MTBLS2015_LC-MS_negative_hilic_metabolite_profiling_v2_maf.tsv
MTBLS2015:ROW:0155	MTBLS2015	102.100.100/50913	ECOLI-B36-RPMI	Phosphonoacetate	29818	Phosphonoacetate	CHEBI:15732	C2H5O5P	OC(=O)CP(O)(O)=O	InChI=1S/C2H5O5P/c3-2(4)1-8(5,6)7/h1H2,(H,3,4)(H2,5,6,7)					False	publisher-reported processed metabolite result	not available: source MAF omits m/z and retention time	MetaboLights MTBLS2015 MAF: m_MTBLS2015_LC-MS_negative_hilic_metabolite_profiling_v2_maf.tsv
MTBLS2015:ROW:0156	MTBLS2015	102.100.100/50913	ECOLI-B36-RPMI	Isomaltose	8356	Isomaltose	CHEBI:28189	C12H22O11	OC[C@H]1O[C@H](OC[C@H]2OC(O)[C@H](O)[C@@H](O)[C@@H]2O)[C@H](O)[C@@H](O)[C@@H]1O	InChI=1S/C12H22O11/c13-1-3-5(14)8(17)10(19)12(23-3)21-2-4-6(15)7(16)9(18)11(20)22-4/h3-20H,1-2H2/t3-,4-,5-,6-,7+,8+,9-,10-,11?,12+/m1/s1					False	publisher-reported processed metabolite result	not available: source MAF omits m/z and retention time	MetaboLights MTBLS2015 MAF: m_MTBLS2015_LC-MS_negative_hilic_metabolite_profiling_v2_maf.tsv
MTBLS2015:ROW:0157	MTBLS2015	102.100.100/50913	ECOLI-B36-RPMI	Isocitric acid	26939	Isocitric acid	CHEBI:30887	C6H8O7	OC(C(CC(O)=O)C(O)=O)C(O)=O	InChI=1S/C6H8O7/c7-3(8)1-2(5(10)11)4(9)6(12)13/h2,4,9H,1H2,(H,7,8)(H,10,11)(H,12,13)					False	publisher-reported processed metabolite result	not available: source MAF omits m/z and retention time	MetaboLights MTBLS2015 MAF: m_MTBLS2015_LC-MS_negative_hilic_metabolite_profiling_v2_maf.tsv
MTBLS2015:ROW:0158	MTBLS2015	102.100.100/50913	ECOLI-B36-RPMI	Nicotinic acid	118036	Nicotinic acid	CHEBI:15940	C6H5NO2	OC(=O)c1cccnc1	InChI=1S/C6H5NO2/c8-6(9)5-2-1-3-7-4-5/h1-4H,(H,8,9)					False	publisher-reported processed metabolite result	not available: source MAF omits m/z and retention time	MetaboLights MTBLS2015 MAF: m_MTBLS2015_LC-MS_negative_hilic_metabolite_profiling_v2_maf.tsv
MTBLS2015:ROW:0159	MTBLS2015	102.100.100/50913	ECOLI-B36-RPMI	2,3-Dihydroxybutanedioic acid	13197	2,3-Dihydroxybutanedioic acid	CHEBI:15674	C4H6O6	OC(C(O)C(O)=O)C(O)=O	InChI=1S/C4H6O6/c5-1(3(7)8)2(6)4(9)10/h1-2,5-6H,(H,7,8)(H,9,10)					False	publisher-reported processed metabolite result	not available: source MAF omits m/z and retention time	MetaboLights MTBLS2015 MAF: m_MTBLS2015_LC-MS_negative_hilic_metabolite_profiling_v2_maf.tsv
MTBLS2015:ROW:0160	MTBLS2015	102.100.100/50913	ECOLI-B36-RPMI	2-Oxovaleric acid	81194	2-Oxovaleric acid	CHEBI:33033	C5H8O3	CCCC(=O)C(O)=O	InChI=1S/C5H8O3/c1-2-3-4(6)5(7)8/h2-3H2,1H3,(H,7,8)					False	publisher-reported processed metabolite result	not available: source MAF omits m/z and retention time	MetaboLights MTBLS2015 MAF: m_MTBLS2015_LC-MS_negative_hilic_metabolite_profiling_v2_maf.tsv
MTBLS2015:ROW:0161	MTBLS2015	102.100.100/50913	ECOLI-B36-RPMI	D-threo-Isocitric acid	10726	D-threo-Isocitric acid	CHEBI:151	C6H8O7	O[C@H]([C@H](CC(O)=O)C(O)=O)C(O)=O	InChI=1S/C6H8O7/c7-3(8)1-2(5(10)11)4(9)6(12)13/h2,4,9H,1H2,(H,7,8)(H,10,11)(H,12,13)/t2-,4+/m0/s1					False	publisher-reported processed metabolite result	not available: source MAF omits m/z and retention time	MetaboLights MTBLS2015 MAF: m_MTBLS2015_LC-MS_negative_hilic_metabolite_profiling_v2_maf.tsv
MTBLS2015:ROW:0162	MTBLS2015	102.100.100/50913	ECOLI-B36-RPMI	Dehydroascorbic acid	19056	L-Dehydroascorbic acid	CHEBI:27956	C6H6O6	[H][C@@]1(OC(=O)C(=O)C1=O)[C@@H](O)CO	InChI=1S/C6H6O6/c7-1-2(8)5-3(9)4(10)6(11)12-5/h2,5,7-8H,1H2/t2-,5+/m0/s1					False	publisher-reported processed metabolite result	not available: source MAF omits m/z and retention time	MetaboLights MTBLS2015 MAF: m_MTBLS2015_LC-MS_negative_hilic_metabolite_profiling_v2_maf.tsv
MTBLS2015:ROW:0163	MTBLS2015	102.100.100/50913	ECOLI-B36-RPMI	Maleic acid	2421	Maleic acid	CHEBI:18300	C4H4O4	OC(=O)\C=C/C(O)=O	InChI=1S/C4H4O4/c5-3(6)1-2-4(7)8/h1-2H,(H,5,6)(H,7,8)/b2-1-					False	publisher-reported processed metabolite result	not available: source MAF omits m/z and retention time	MetaboLights MTBLS2015 MAF: m_MTBLS2015_LC-MS_negative_hilic_metabolite_profiling_v2_maf.tsv
MTBLS2015:ROW:0164	MTBLS2015	102.100.100/50913	ECOLI-B36-RPMI	scyllo-Inositol	40858	scyllo-Inositol	CHEBI:10642	C6H12O6	O[C@H]1[C@H](O)[C@@H](O)[C@H](O)[C@@H](O)[C@@H]1O	InChI=1S/C6H12O6/c7-1-2(8)4(10)6(12)5(11)3(1)9/h1-12H/t1-,2-,3+,4+,5-,6-					False	publisher-reported processed metabolite result	not available: source MAF omits m/z and retention time	MetaboLights MTBLS2015 MAF: m_MTBLS2015_LC-MS_negative_hilic_metabolite_profiling_v2_maf.tsv
MTBLS2015:ROW:0165	MTBLS2015	102.100.100/50913	ECOLI-B36-RPMI	Coenzyme A	754041	Coenzyme A	CHEBI:15346	C21H36N7O16P3S	CC(C)(COP(O)(=O)OP(O)(=O)OC[C@H]1O[C@H]([C@H](O)[C@@H]1OP(O)(O)=O)n1cnc2c(N)ncnc12)[C@@H](O)C(=O)NCCC(=O)NCCS	InChI=1S/C21H36N7O16P3S/c1-21(2,16(31)19(32)24-4-3-12(29)23-5-6-48)8-41-47(38,39)44-46(36,37)40-7-11-15(43-45(33,34)35)14(30)20(42-11)28-10-27-13-17(22)25-9-26-18(13)28/h9-11,14-16,20,30-31,48H,3-8H2,1-2H3,(H,23,29)(H,24,32)(H,36,37)(H,38,39)(H2,22,25,26)(H2,33,34,35)/t11-,14-,15-,16+,20-/m1/s1					False	publisher-reported processed metabolite result	not available: source MAF omits m/z and retention time	MetaboLights MTBLS2015 MAF: m_MTBLS2015_LC-MS_negative_hilic_metabolite_profiling_v2_maf.tsv
MTBLS2015:ROW:0166	MTBLS2015	102.100.100/50913	ECOLI-B36-RPMI	Ethylmalonic acid	4986	Ethylmalonic acid	CHEBI:741548	C5H8O4	CCC(C(O)=O)C(O)=O	InChI=1S/C5H8O4/c1-2-3(4(6)7)5(8)9/h3H,2H2,1H3,(H,6,7)(H,8,9)					False	publisher-reported processed metabolite result	not available: source MAF omits m/z and retention time	MetaboLights MTBLS2015 MAF: m_MTBLS2015_LC-MS_negative_hilic_metabolite_profiling_v2_maf.tsv
MTBLS2015:ROW:0167	MTBLS2015	102.100.100/50913	ECOLI-B36-RPMI	Itaconic acid	3127933	Itaconic acid	CHEBI:30838	C5H6O4	C(C(CC(O)=O)=C)(O)=O	InChI=1S/C5H6O4/c1-3(5(8)9)2-4(6)7/h1-2H2,(H,6,7)(H,8,9)					False	publisher-reported processed metabolite result	not available: source MAF omits m/z and retention time	MetaboLights MTBLS2015 MAF: m_MTBLS2015_LC-MS_negative_hilic_metabolite_profiling_v2_maf.tsv
MTBLS2015:ROW:0168	MTBLS2015	102.100.100/50913	ECOLI-B36-RPMI	D-2-Hydroxyglutaric acid	48068457	D-2-Hydroxyglutaric acid	CHEBI:32796	C5H8O5	O[C@H](CCC(O)=O)C(O)=O	InChI=1S/C5H8O5/c6-3(5(9)10)1-2-4(7)8/h3,6H,1-2H2,(H,7,8)(H,9,10)/t3-/m1/s1					False	publisher-reported processed metabolite result	not available: source MAF omits m/z and retention time	MetaboLights MTBLS2015 MAF: m_MTBLS2015_LC-MS_negative_hilic_metabolite_profiling_v2_maf.tsv
MTBLS2015:ROW:0169	MTBLS2015	102.100.100/50913	ECOLI-B36-RPMI	5-Methylcytidine	14565	5-Methylcytidine	CHEBI:20607	C10H15N3O5	Cc1cn([C@@H]2O[C@H](CO)[C@@H](O)[C@H]2O)c(=O)nc1N	InChI=1S/C10H15N3O5/c1-4-2-13(10(17)12-8(4)11)9-7(16)6(15)5(3-14)18-9/h2,5-7,9,14-16H,3H2,1H3,(H2,11,12,17)/t5-,6-,7-,9-/m1/s1					False	publisher-reported processed metabolite result	not available: source MAF omits m/z and retention time	MetaboLights MTBLS2015 MAF: m_MTBLS2015_LC-MS_negative_hilic_metabolite_profiling_v2_maf.tsv
MTBLS2015:ROW:0170	MTBLS2015	102.100.100/50913	ECOLI-B36-RPMI	Galacturonic acid	3821	Galacturonic acid	CHEBI:33830	C6H10O7							False	publisher-reported processed metabolite result	not available: source MAF omits m/z and retention time	MetaboLights MTBLS2015 MAF: m_MTBLS2015_LC-MS_negative_hilic_metabolite_profiling_v2_maf.tsv
MTBLS2015:ROW:0171	MTBLS2015	102.100.100/50913	ECOLI-B36-RPMI	Linoleic acid	58881	Linoleic acid	CHEBI:17351	C18H32O2	CCCCC\C=C/C\C=C/CCCCCCCC(O)=O	InChI=1S/C18H32O2/c1-2-3-4-5-6-7-8-9-10-11-12-13-14-15-16-17-18(19)20/h6-7,9-10H,2-5,8,11-17H2,1H3,(H,19,20)/b7-6-,10-9-					False	publisher-reported processed metabolite result	not available: source MAF omits m/z and retention time	MetaboLights MTBLS2015 MAF: m_MTBLS2015_LC-MS_negative_hilic_metabolite_profiling_v2_maf.tsv
